tfidfScore,skillScore,matchedCount,missingCount,experienceYears,programmingScore,backendScore,frontendScore,databaseScore,cloudScore,devopsScore,label
11.236,18.513,27.0,5.0,5.5,87.26,0.49,28.18,62.85,80.5,85.67,0
28.521,54.19,6.0,19.0,5.2,8.71,41.27,72.2,9.5,23.01,59.36,1
21.96,87.295,27.0,2.0,3.7,48.74,10.05,86.19,9.5,25.6,51.8,1
17.96,73.222,13.0,16.0,2.4,69.14,50.92,65.41,72.82,3.2,74.34,1
4.681,80.656,9.0,11.0,0.8,26.18,2.47,51.16,32.41,29.67,81.56,1
4.68,65.878,15.0,0.0,10.6,62.42,40.69,15.89,97.74,58.46,68.61,1
1.743,69.228,15.0,16.0,5.0,82.94,22.07,5.35,3.74,42.08,44.0,1
25.985,84.92,30.0,2.0,6.0,19.03,53.33,44.57,44.51,96.93,37.93,1
18.033,24.967,24.0,25.0,11.0,91.72,99.6,4.93,11.31,5.61,77.17,1
21.242,48.942,12.0,14.0,9.3,55.36,80.05,56.93,35.14,59.14,51.79,1
0.618,22.121,5.0,31.0,1.6,29.92,84.56,38.27,99.82,85.83,70.44,0
29.097,98.767,8.0,31.0,6.8,43.09,63.53,75.72,88.88,48.07,89.04,1
24.973,94.406,19.0,3.0,5.3,31.22,4.16,30.56,4.83,0.3,91.59,1
6.37,3.943,17.0,17.0,9.6,72.51,20.68,59.3,56.33,24.28,27.77,0
5.455,70.558,20.0,18.0,8.7,79.63,92.51,53.77,64.78,32.38,18.79,1
5.502,92.525,3.0,13.0,8.3,83.29,36.61,0.47,20.95,96.6,26.13,1
9.127,18.058,32.0,32.0,4.1,98.58,10.36,7.24,14.51,91.18,75.14,0
15.743,56.795,26.0,13.0,9.7,79.13,70.24,29.04,90.44,94.92,37.01,1
12.958,91.549,6.0,33.0,0.6,60.14,29.95,88.22,96.88,82.58,17.34,1
8.737,3.395,5.0,3.0,1.9,33.92,26.89,14.7,99.19,35.16,9.84,0
18.356,69.742,14.0,23.0,4.0,54.46,99.8,71.09,78.98,90.59,32.73,1
4.185,29.735,17.0,28.0,0.9,4.11,85.81,97.34,66.35,98.17,13.61,0
8.764,92.44,31.0,18.0,2.8,74.48,40.79,79.06,34.57,35.01,15.64,1
10.991,97.106,10.0,5.0,10.0,44.6,98.03,24.29,17.14,26.06,68.39,1
13.682,94.427,19.0,32.0,11.4,2.0,65.01,90.84,7.9,54.69,1.97,1
23.555,47.421,23.0,18.0,3.7,6.25,74.2,9.31,69.33,18.72,11.76,1
5.99,86.204,14.0,0.0,3.2,38.75,3.15,46.81,78.47,3.26,84.44,1
15.427,84.455,6.0,4.0,3.4,58.34,12.16,88.75,82.65,94.58,84.49,1
17.772,31.91,20.0,26.0,3.3,46.42,63.31,64.13,91.38,92.57,32.92,1
1.394,82.892,25.0,15.0,0.4,61.92,89.9,41.36,87.99,16.27,8.8,1
18.226,3.701,13.0,5.0,11.1,48.03,62.37,29.28,99.97,40.77,70.5,0
5.116,59.627,20.0,12.0,2.6,66.17,13.4,37.51,24.41,83.1,36.01,1
1.952,23.001,17.0,18.0,5.0,21.91,11.58,50.89,76.33,66.1,4.55,0
28.467,12.057,4.0,11.0,0.1,11.28,84.42,31.9,58.65,39.48,15.78,0
28.969,7.695,2.0,15.0,10.3,59.64,13.93,96.9,26.12,74.42,13.72,0
24.252,69.629,22.0,9.0,8.8,48.47,52.02,93.31,98.19,89.7,58.91,1
9.138,33.987,25.0,24.0,11.4,2.69,3.71,87.07,89.79,92.62,89.81,1
2.93,72.477,23.0,19.0,9.4,38.05,8.07,42.18,12.85,37.88,79.31,1
20.527,6.536,18.0,30.0,3.8,10.61,67.23,69.13,2.62,17.36,54.65,0
13.205,31.529,24.0,3.0,3.0,53.14,68.92,90.28,68.83,91.28,42.22,1
3.661,53.949,20.0,22.0,8.4,39.58,34.15,85.04,60.41,9.26,61.87,1
14.855,79.072,11.0,1.0,4.4,61.32,21.56,41.43,93.58,72.17,44.38,1
1.032,31.875,32.0,21.0,6.8,80.56,81.37,11.24,23.4,14.05,24.61,0
27.28,62.589,3.0,7.0,0.1,29.97,21.71,7.56,8.44,38.94,67.92,1
7.763,88.598,6.0,6.0,0.7,96.21,54.2,57.71,25.92,41.16,87.32,1
19.876,61.586,21.0,13.0,6.4,53.56,96.82,64.26,1.89,15.88,37.29,1
9.351,23.296,32.0,2.0,6.8,61.83,14.79,84.98,3.59,92.27,84.15,0
15.602,2.44,16.0,15.0,9.0,68.07,94.09,29.25,91.49,0.27,43.11,0
16.401,87.01,23.0,18.0,1.6,66.67,18.29,16.75,35.2,89.38,40.13,1
5.546,2.127,33.0,17.0,6.2,51.1,56.74,37.9,41.08,88.38,2.83,0
29.088,87.47,27.0,15.0,2.3,42.88,37.7,35.36,1.84,31.7,69.53,1
23.254,52.894,21.0,7.0,1.1,5.38,96.49,13.25,27.05,70.43,80.75,1
28.185,93.907,16.0,32.0,4.9,2.21,27.35,67.23,80.47,25.28,66.36,1
26.845,79.878,33.0,11.0,2.0,35.8,39.97,50.87,61.55,75.88,15.14,1
17.937,99.793,5.0,10.0,2.7,33.37,98.29,72.11,75.38,56.11,10.33,1
27.656,35.071,5.0,4.0,3.8,38.77,53.65,35.27,44.72,30.02,57.29,1
2.655,76.719,33.0,26.0,3.1,13.84,50.26,32.57,30.97,40.02,40.15,1
5.879,40.193,0.0,11.0,1.1,73.82,25.78,47.26,48.28,68.99,42.91,0
1.357,47.988,9.0,16.0,1.1,85.7,70.14,87.74,32.31,90.61,96.78,1
9.76,62.751,20.0,5.0,2.3,93.87,1.44,4.03,83.9,13.07,72.39,1
11.66,87.368,4.0,32.0,0.6,49.24,4.95,80.48,29.77,57.14,41.18,1
8.14,98.408,1.0,4.0,7.5,70.09,59.94,36.9,65.98,25.37,1.91,1
24.862,76.827,21.0,27.0,3.4,85.56,34.17,85.46,13.7,80.14,3.41,1
10.703,41.777,1.0,13.0,3.4,41.83,95.33,80.22,68.69,7.02,68.48,1
8.428,42.136,9.0,4.0,4.0,30.94,90.32,34.88,91.33,68.9,83.77,1
16.281,73.758,33.0,32.0,8.0,93.67,71.37,69.39,60.86,17.49,70.77,1
4.228,23.878,15.0,18.0,10.4,51.57,81.81,15.96,55.99,59.64,40.59,0
24.066,11.047,21.0,21.0,9.1,49.73,66.73,89.63,96.11,83.57,3.11,0
2.237,35.462,11.0,4.0,8.7,17.84,12.56,40.45,62.74,75.51,96.74,1
29.607,28.724,23.0,1.0,5.8,10.82,76.55,45.56,25.96,75.29,98.63,1
23.167,29.631,9.0,29.0,8.3,84.21,21.02,70.58,29.24,51.78,54.94,1
5.961,23.361,31.0,3.0,6.6,61.41,32.34,82.08,70.53,89.07,7.07,0
0.166,4.209,6.0,32.0,2.6,32.58,81.92,23.63,73.54,58.81,54.1,0
24.464,1.787,20.0,12.0,2.5,19.17,53.65,66.14,30.35,91.75,89.23,0
21.206,98.772,19.0,19.0,3.6,55.55,85.99,39.2,34.53,54.65,68.0,1
21.87,42.777,25.0,6.0,10.9,58.39,21.3,36.87,99.11,50.6,72.0,1
23.138,38.433,3.0,14.0,6.6,20.7,60.78,69.0,10.2,22.24,8.5,1
2.221,67.965,21.0,22.0,8.8,85.14,8.38,38.72,40.46,54.48,10.65,1
10.754,21.825,14.0,13.0,4.2,8.43,64.31,34.61,6.24,14.06,12.73,0
3.476,94.996,20.0,22.0,4.9,35.61,76.25,83.59,82.11,86.97,90.44,1
25.893,78.635,14.0,18.0,1.5,68.04,58.49,10.13,9.23,67.59,52.58,1
18.699,8.941,21.0,28.0,2.1,27.41,26.62,67.59,67.4,99.36,79.16,0
9.927,41.758,27.0,19.0,9.9,82.77,3.13,24.87,5.65,9.21,11.53,1
1.907,87.912,13.0,28.0,7.0,73.99,11.94,1.55,67.29,24.07,92.76,1
9.329,94.473,26.0,23.0,4.1,78.9,62.23,16.68,84.3,87.72,82.11,1
9.755,46.74,27.0,17.0,9.6,11.91,93.44,60.67,39.88,39.53,22.48,1
21.888,61.341,25.0,9.0,3.0,14.05,20.65,70.91,52.21,46.63,87.42,1
19.127,16.703,1.0,7.0,11.7,28.65,73.5,2.11,40.15,86.07,26.34,0
26.616,99.117,24.0,25.0,4.1,51.81,86.65,3.64,30.05,52.18,20.53,1
14.166,23.167,2.0,28.0,4.0,74.8,52.09,90.25,80.33,19.35,26.42,0
3.588,94.273,7.0,9.0,3.7,83.65,66.93,7.33,27.2,89.2,91.0,1
21.397,64.965,32.0,16.0,1.5,70.43,81.5,89.42,72.29,3.11,91.56,1
22.824,60.774,5.0,1.0,1.3,92.86,26.07,22.82,20.62,89.54,32.9,1
16.838,51.269,22.0,5.0,7.8,73.87,29.69,74.0,24.99,5.05,70.54,1
23.129,23.067,24.0,4.0,10.5,30.63,0.06,30.97,33.65,66.58,67.57,1
14.814,17.653,18.0,27.0,9.5,26.51,96.31,85.88,58.92,7.17,80.66,0
15.682,22.049,4.0,4.0,1.7,69.62,91.75,70.05,45.44,70.62,29.65,0
12.826,18.644,10.0,17.0,6.5,19.29,76.46,40.18,74.51,3.4,51.01,0
0.763,77.958,11.0,25.0,1.3,9.27,7.91,7.63,21.36,84.25,66.77,1
3.237,35.013,9.0,19.0,0.5,53.22,44.75,73.27,1.07,46.59,2.63,0
0.943,5.784,7.0,26.0,7.9,82.16,10.19,61.69,77.66,9.35,37.67,0
19.092,96.91,23.0,11.0,6.4,10.14,1.59,0.29,82.16,70.68,69.59,1
9.431,88.379,27.0,6.0,1.0,79.19,61.62,0.94,5.95,48.93,25.26,1
15.257,92.775,20.0,2.0,0.4,81.16,96.08,80.88,61.09,19.09,95.77,1
27.227,99.491,7.0,9.0,11.9,48.23,90.29,25.94,37.82,1.57,3.02,1
7.479,17.39,8.0,33.0,0.4,5.73,69.68,63.61,79.39,41.8,95.81,0
12.311,39.624,14.0,24.0,5.3,17.46,9.66,45.42,87.44,8.56,21.68,1
22.667,75.824,17.0,15.0,6.1,70.74,27.42,86.34,85.1,9.42,4.88,1
6.864,69.602,19.0,1.0,1.4,71.18,32.01,91.7,77.72,26.73,29.25,1
2.309,15.39,5.0,23.0,2.0,89.84,76.32,99.68,26.91,63.05,78.63,0
8.693,81.583,11.0,9.0,4.2,58.27,80.22,15.37,81.19,52.99,75.24,1
4.837,22.444,1.0,21.0,9.1,12.41,38.51,86.3,53.35,6.9,20.88,0
27.891,22.382,6.0,25.0,6.1,12.14,41.79,26.6,5.28,96.84,19.68,1
24.244,53.697,15.0,26.0,7.7,72.11,4.45,59.08,45.69,88.72,64.26,1
19.002,59.294,2.0,28.0,11.8,18.38,28.91,50.58,94.22,25.92,45.81,1
26.144,58.009,2.0,19.0,9.2,32.84,45.13,1.8,88.79,12.23,79.23,1
24.11,9.149,26.0,26.0,5.2,48.72,11.7,93.28,10.23,94.24,2.41,0
5.597,87.746,32.0,19.0,5.4,2.48,45.33,7.83,74.41,46.11,61.04,1
26.777,26.56,27.0,18.0,7.4,24.88,85.32,68.82,80.58,31.12,73.07,1
16.18,12.951,0.0,19.0,8.0,40.79,58.13,78.5,27.14,49.04,99.34,0
24.223,88.875,7.0,1.0,6.0,27.96,7.89,79.53,47.16,77.27,67.88,1
26.883,95.565,31.0,29.0,7.7,13.64,19.17,13.55,71.1,16.84,23.18,1
9.54,86.213,3.0,33.0,0.3,72.8,47.45,44.76,43.9,76.75,10.82,1
3.302,80.952,29.0,21.0,5.2,81.31,36.15,82.94,11.28,74.94,64.09,1
6.838,65.524,5.0,2.0,3.3,25.75,35.87,30.27,70.59,53.93,52.32,1
12.813,55.086,18.0,5.0,1.6,77.44,52.93,46.77,91.16,86.58,89.91,1
24.54,8.699,31.0,14.0,1.2,38.56,58.44,27.28,65.25,13.21,72.66,0
25.822,40.845,8.0,26.0,7.2,50.67,79.69,46.36,77.38,59.55,50.97,1
0.209,37.269,11.0,9.0,6.3,85.6,34.1,88.78,35.84,44.93,40.36,1
15.322,25.975,10.0,8.0,3.0,75.0,80.55,45.51,18.32,42.23,40.44,0
12.522,72.342,15.0,32.0,5.7,80.51,33.86,55.59,64.28,25.26,22.63,1
6.663,49.588,0.0,31.0,5.9,13.68,5.54,40.4,32.78,37.23,1.73,1
3.596,8.105,20.0,5.0,2.3,6.97,55.42,46.01,86.01,10.82,57.49,0
10.128,22.018,29.0,1.0,7.8,89.34,58.79,1.52,12.26,25.16,21.24,0
28.287,68.326,12.0,28.0,9.4,38.78,93.45,28.37,43.35,27.2,20.83,1
9.696,7.613,33.0,3.0,9.5,28.79,72.61,43.66,39.67,72.07,12.54,0
15.564,85.121,3.0,0.0,7.2,72.47,91.78,63.38,93.81,4.86,18.96,1
21.091,49.515,27.0,18.0,6.1,83.64,90.83,45.01,15.31,65.12,3.18,1
10.909,48.059,30.0,25.0,0.7,86.25,60.46,33.78,0.98,22.14,67.42,1
29.153,59.241,26.0,24.0,3.5,31.6,52.78,38.81,23.81,8.19,40.14,1
28.873,82.468,4.0,9.0,1.1,85.22,55.74,24.23,82.03,30.08,56.15,1
7.553,34.781,24.0,14.0,11.6,4.09,97.83,92.45,20.93,22.45,63.7,1
14.917,67.802,2.0,21.0,1.6,4.97,77.32,52.17,24.09,55.2,97.25,1
9.026,56.573,32.0,20.0,1.8,62.35,10.63,1.34,12.99,35.74,6.83,1
8.545,26.703,3.0,21.0,10.7,6.31,77.84,1.94,71.54,96.6,41.79,0
1.107,87.863,24.0,33.0,11.3,32.46,17.05,97.3,6.92,96.35,24.59,1
18.287,79.743,19.0,29.0,9.2,67.28,44.74,22.15,33.12,44.37,47.67,1
15.08,65.845,33.0,24.0,0.1,33.73,21.05,80.56,28.25,79.51,92.05,1
1.544,85.058,25.0,27.0,0.0,17.96,68.96,5.83,55.52,1.33,72.4,1
8.359,86.729,4.0,0.0,4.5,28.14,87.73,92.12,73.04,54.78,66.19,1
27.248,70.836,27.0,3.0,1.7,45.76,29.04,87.44,53.29,74.33,44.12,1
7.187,83.701,28.0,6.0,0.2,47.54,8.2,57.11,93.1,21.69,67.11,1
4.347,69.747,8.0,8.0,5.6,78.3,29.85,0.9,95.14,6.12,3.24,1
14.684,68.014,5.0,18.0,11.3,75.02,67.24,25.78,36.15,15.59,58.62,1
29.57,61.861,18.0,0.0,3.9,45.68,32.88,40.68,77.77,44.18,55.38,1
7.262,75.272,10.0,9.0,7.9,84.57,27.81,46.01,73.88,50.64,34.66,1
20.164,15.861,1.0,8.0,7.8,11.42,18.44,29.77,89.3,38.09,20.15,0
22.849,88.087,8.0,31.0,3.0,25.54,49.75,3.29,44.79,44.0,80.76,1
7.129,87.184,20.0,31.0,7.8,82.8,27.59,59.01,53.05,47.02,5.39,1
21.846,2.925,23.0,5.0,2.5,37.8,73.1,52.42,41.58,76.94,6.97,0
11.033,82.582,33.0,16.0,1.5,98.12,7.66,28.3,85.04,10.52,44.05,1
18.969,12.887,21.0,9.0,8.4,46.63,66.4,3.8,22.97,76.9,25.26,0
19.006,33.512,2.0,26.0,1.4,79.19,23.76,99.46,23.97,68.86,74.55,1
16.073,74.351,11.0,20.0,12.0,40.23,48.93,48.2,37.26,74.17,63.42,1
2.709,16.076,27.0,24.0,2.2,42.5,28.61,75.6,23.03,73.45,77.25,0
25.059,81.797,29.0,27.0,7.1,38.29,72.28,45.23,56.1,47.06,32.47,1
9.623,83.213,25.0,14.0,4.9,71.91,94.53,4.32,13.45,21.14,74.05,1
5.596,50.747,20.0,3.0,1.5,54.75,91.71,30.96,32.02,53.66,86.23,1
1.223,0.639,27.0,28.0,0.3,94.38,58.34,32.01,91.34,95.8,34.53,0
17.727,28.704,25.0,8.0,7.5,25.09,46.26,83.84,40.92,58.85,33.99,1
20.327,61.693,32.0,26.0,9.7,10.06,81.83,65.42,74.82,1.1,90.0,1
0.498,98.119,20.0,25.0,10.1,39.33,68.33,27.54,11.35,5.97,4.98,1
15.363,63.181,33.0,18.0,5.8,61.67,18.36,96.77,24.76,99.29,35.02,1
6.795,25.98,17.0,27.0,9.3,86.08,82.09,32.15,80.73,7.19,11.87,0
19.355,63.401,10.0,16.0,8.1,34.62,42.89,99.82,76.3,4.6,2.9,1
5.231,53.999,22.0,19.0,8.7,65.38,18.9,99.62,38.62,35.3,11.29,1
20.728,77.985,21.0,22.0,5.9,35.02,28.18,19.12,95.44,96.93,43.12,1
11.602,10.698,16.0,31.0,7.6,61.72,26.75,31.27,91.06,31.87,68.7,0
28.102,76.103,4.0,32.0,9.7,88.48,51.92,48.6,96.23,40.99,28.93,1
4.126,54.127,10.0,4.0,4.8,23.14,23.44,66.41,42.79,63.41,84.97,1
10.232,96.299,29.0,33.0,9.7,40.42,12.36,52.8,19.75,2.41,43.76,1
3.404,34.187,14.0,10.0,7.1,99.33,12.37,96.94,62.67,89.78,96.82,1
27.741,63.262,26.0,2.0,2.0,86.86,58.33,72.4,68.48,51.94,95.42,1
26.32,93.203,32.0,32.0,0.3,56.46,73.48,21.2,12.54,46.68,77.33,1
7.738,10.251,19.0,10.0,4.4,51.66,32.15,10.51,78.65,86.07,93.24,0
19.8,93.723,15.0,15.0,6.6,28.46,3.47,68.84,1.81,95.31,70.71,1
24.517,68.789,33.0,17.0,10.1,51.72,12.72,15.85,48.27,42.34,89.56,1
16.656,6.784,1.0,29.0,1.5,84.82,91.47,78.77,33.1,17.24,23.65,0
15.89,30.096,27.0,9.0,9.6,68.52,49.35,31.1,74.03,81.57,34.54,1
7.256,70.817,5.0,17.0,10.4,29.0,45.36,32.69,31.28,40.33,75.29,1
2.793,6.735,8.0,18.0,1.8,20.15,3.8,1.08,82.68,93.55,42.46,0
26.916,58.217,19.0,12.0,10.2,26.52,72.86,70.1,59.5,94.99,83.73,1
27.013,34.588,0.0,2.0,11.9,16.98,52.81,11.33,79.39,11.48,87.76,1
18.993,62.092,7.0,9.0,8.7,9.56,20.21,77.29,98.93,95.66,29.97,1
10.171,4.574,22.0,0.0,9.4,41.91,11.01,49.19,67.92,36.83,82.35,0
10.476,87.154,2.0,26.0,11.9,11.33,38.34,78.43,98.5,64.63,15.43,1
21.779,97.349,3.0,7.0,7.3,17.19,83.72,58.39,2.88,3.48,33.42,1
26.913,96.888,24.0,16.0,3.7,54.73,86.53,8.24,33.81,88.89,51.8,1
26.613,74.965,14.0,8.0,10.1,16.46,60.28,76.57,10.79,64.16,22.64,1
23.396,13.009,20.0,5.0,7.4,6.39,72.75,6.98,26.23,64.36,57.93,0
19.261,75.826,13.0,24.0,7.0,31.74,11.52,47.87,83.89,90.22,57.87,1
2.524,2.459,11.0,27.0,3.0,22.03,58.81,17.23,3.23,50.83,20.69,0
4.849,2.212,16.0,32.0,9.1,51.53,66.7,75.23,52.02,41.05,79.56,0
26.957,32.361,8.0,8.0,1.0,10.24,20.07,91.16,56.71,86.61,63.16,1
18.193,48.864,12.0,17.0,11.1,75.18,88.02,55.41,56.12,74.24,31.78,1
0.276,77.041,14.0,20.0,3.9,90.62,19.5,52.71,47.53,94.9,23.22,1
3.044,68.33,17.0,1.0,1.5,74.34,31.35,76.4,79.06,94.01,87.88,1
19.905,44.59,32.0,14.0,5.3,53.28,62.06,0.51,13.35,38.23,83.57,1
0.152,27.363,5.0,27.0,0.5,86.07,63.84,91.78,31.06,44.7,22.98,0
4.824,99.712,26.0,17.0,8.2,69.49,69.94,19.74,61.57,25.6,3.56,1
16.462,42.618,22.0,33.0,10.8,1.06,11.2,98.41,69.1,66.06,80.45,1
20.757,45.139,26.0,21.0,10.0,39.41,84.95,73.63,40.41,36.45,61.55,1
19.559,16.362,33.0,10.0,1.5,85.1,53.28,77.43,87.54,78.61,10.09,0
6.728,79.481,13.0,12.0,1.5,34.59,47.13,65.62,41.55,12.16,58.74,1
21.365,69.368,7.0,3.0,9.8,3.52,98.11,47.17,40.28,11.64,45.22,1
7.117,22.077,18.0,21.0,11.1,74.62,74.04,57.16,3.62,20.45,77.46,0
9.762,8.238,29.0,6.0,5.5,80.2,11.8,4.64,55.11,8.43,20.91,0
22.395,68.05,13.0,23.0,6.0,16.06,75.65,62.4,70.87,62.0,45.32,1
19.489,65.451,19.0,3.0,3.8,53.73,9.52,62.61,11.44,14.74,15.62,1
25.477,27.326,24.0,27.0,10.7,19.2,2.75,89.12,30.54,16.0,95.75,1
19.728,95.086,23.0,14.0,7.7,71.92,40.36,50.57,78.13,1.42,77.87,1
17.049,15.106,13.0,0.0,3.5,27.16,99.36,7.71,36.59,78.21,73.67,0
2.81,43.233,25.0,2.0,3.6,31.62,17.49,30.62,24.16,81.23,69.02,1
11.031,94.362,22.0,13.0,10.7,84.5,67.26,65.56,67.22,16.2,42.33,1
7.956,41.973,21.0,0.0,0.2,47.63,17.34,23.93,19.68,73.95,92.33,0
7.32,63.853,18.0,20.0,3.9,66.98,72.48,28.05,89.57,43.35,7.29,1
29.19,39.759,2.0,28.0,6.7,40.24,50.54,82.05,10.56,23.96,80.33,1
11.793,27.422,18.0,4.0,1.8,29.8,68.0,58.43,70.65,62.14,21.52,0
26.761,98.398,8.0,9.0,1.1,62.55,20.29,50.85,49.95,17.85,32.4,1
18.934,40.933,27.0,27.0,9.8,15.49,74.56,31.85,86.99,75.69,51.94,1
23.844,89.41,19.0,20.0,10.7,37.3,99.56,73.09,12.62,4.76,78.27,1
15.079,22.995,6.0,6.0,9.9,20.9,66.57,28.77,67.79,95.91,83.85,0
17.307,21.31,13.0,2.0,10.8,69.58,49.35,73.71,57.21,7.19,58.37,0
14.776,3.113,8.0,19.0,6.6,94.42,92.32,7.01,48.01,57.94,40.3,0
5.857,65.167,18.0,18.0,9.7,99.55,1.59,86.45,49.14,90.22,94.65,1
21.674,36.853,13.0,3.0,4.6,45.03,72.99,49.96,72.2,1.19,24.65,1
8.423,86.436,16.0,4.0,8.0,25.25,88.87,43.85,93.77,49.85,80.31,1
0.729,47.321,29.0,0.0,11.9,44.28,6.17,61.1,9.13,35.0,61.2,1
19.364,96.819,8.0,3.0,2.7,84.73,45.01,62.42,1.95,58.03,37.69,1
5.313,18.553,32.0,11.0,4.7,20.6,20.47,13.2,80.57,22.55,0.14,0
28.214,86.862,24.0,26.0,5.8,95.21,56.65,75.62,10.82,6.49,44.66,1
28.618,77.66,13.0,22.0,1.7,34.19,64.95,27.59,98.67,62.59,27.67,1
27.446,77.092,10.0,24.0,1.0,98.58,30.26,90.5,61.93,41.68,10.43,1
11.105,84.478,13.0,20.0,10.0,83.86,46.0,81.79,65.09,62.25,7.52,1
0.464,76.102,29.0,23.0,11.7,80.86,27.93,34.63,19.89,21.05,34.76,1
27.85,62.622,3.0,24.0,4.9,31.79,36.94,80.77,24.03,33.87,61.48,1
12.846,13.124,3.0,31.0,1.1,0.88,15.95,35.64,65.94,56.17,83.75,0
29.0,3.253,27.0,31.0,0.8,38.21,88.56,10.09,90.97,59.31,18.36,0
28.909,92.085,7.0,4.0,10.7,30.18,1.0,96.19,98.24,37.23,42.46,1
25.59,61.665,1.0,15.0,5.6,3.74,88.24,65.26,19.8,28.01,39.2,1
8.833,79.654,21.0,32.0,3.8,50.54,57.17,45.61,13.41,27.37,51.34,1
11.553,48.152,15.0,20.0,5.7,40.3,33.17,39.78,5.64,17.47,80.96,1
25.534,11.731,28.0,8.0,3.8,63.46,72.31,32.47,86.83,32.54,55.36,0
9.508,12.519,29.0,5.0,5.9,62.12,50.78,98.14,29.47,19.94,84.67,0
5.085,68.557,11.0,21.0,10.3,12.07,49.91,13.47,0.18,63.38,51.86,1
16.704,43.031,10.0,4.0,7.1,97.7,11.01,31.48,22.38,56.91,60.38,1
28.085,20.052,20.0,22.0,8.3,18.69,38.95,48.55,34.04,38.26,43.74,1
20.881,49.159,20.0,16.0,4.4,44.53,24.11,47.8,99.1,32.58,82.31,1
17.102,6.421,4.0,11.0,8.9,48.81,1.57,47.14,52.35,23.76,92.38,0
2.915,58.197,19.0,22.0,8.0,81.31,36.01,17.58,20.47,53.55,63.91,1
18.45,26.899,2.0,15.0,1.4,9.92,8.98,14.49,33.48,91.89,82.08,0
29.702,79.756,32.0,2.0,6.9,42.86,25.68,25.48,33.03,68.57,5.9,1
4.203,31.036,8.0,29.0,3.1,62.85,9.25,91.45,1.97,74.44,90.61,0
15.55,45.522,8.0,21.0,9.6,21.52,10.09,11.31,13.52,83.44,18.89,1
26.321,1.162,3.0,8.0,5.1,62.75,19.9,75.74,69.52,35.16,25.65,0
22.223,7.245,16.0,28.0,11.9,92.37,99.98,75.75,12.03,6.29,5.33,0
20.91,39.249,33.0,22.0,1.1,99.75,0.22,80.98,23.07,62.26,96.54,1
21.075,47.994,23.0,12.0,9.4,3.25,63.87,88.66,35.07,18.87,85.2,1
10.785,60.002,31.0,31.0,8.1,23.56,14.12,26.3,75.77,56.9,91.32,1
8.808,29.166,0.0,22.0,9.2,31.03,92.06,22.46,58.24,73.95,84.72,1
24.281,69.498,7.0,16.0,3.7,39.91,9.36,46.55,68.9,78.36,47.95,1
24.303,86.012,22.0,20.0,5.9,24.23,95.51,26.51,56.7,30.18,92.41,1
26.012,77.985,11.0,1.0,9.6,20.35,61.09,73.43,68.36,51.24,96.95,1
27.397,3.962,11.0,5.0,2.8,95.46,0.13,63.59,0.28,62.1,50.26,0
15.34,48.051,14.0,17.0,2.7,91.85,89.4,87.5,93.09,81.95,17.56,1
15.045,10.493,18.0,29.0,6.6,4.7,52.17,8.27,11.09,76.14,65.86,0
23.949,24.205,25.0,21.0,6.3,33.88,26.27,91.51,40.62,98.8,97.54,1
19.499,98.666,28.0,32.0,3.4,40.51,76.73,29.33,77.1,0.81,87.21,1
21.059,14.25,21.0,29.0,3.6,23.9,92.67,49.07,43.52,43.75,86.18,0
23.874,49.889,20.0,16.0,3.3,62.89,48.37,43.86,94.68,25.6,93.38,1
26.7,61.816,19.0,31.0,9.3,64.04,31.56,76.03,46.76,11.99,89.4,1
10.14,70.246,28.0,13.0,7.8,85.05,78.89,42.03,87.49,91.15,77.63,1
11.267,55.965,3.0,9.0,10.0,74.09,68.18,94.36,81.08,99.8,71.83,1
2.819,0.977,6.0,33.0,11.7,54.26,88.88,90.25,98.1,18.06,26.48,0
17.348,32.646,27.0,8.0,5.7,65.36,69.25,87.22,92.65,3.84,62.13,1
1.078,51.771,27.0,27.0,0.8,27.4,24.35,7.13,89.81,27.51,52.15,1
13.968,8.787,3.0,10.0,0.6,59.31,93.17,85.43,73.16,83.49,86.19,0
16.279,35.063,21.0,13.0,3.5,48.92,10.48,78.16,36.7,29.39,49.17,1
8.596,3.32,11.0,18.0,11.2,13.33,26.79,10.35,10.61,5.69,12.77,0
17.725,7.858,2.0,14.0,6.3,24.25,52.02,10.74,68.86,5.25,0.5,0
0.915,39.692,21.0,27.0,3.3,29.17,56.57,10.12,97.87,42.74,67.79,1
1.12,13.272,1.0,23.0,4.8,92.43,1.53,1.13,72.66,93.18,54.99,0
24.678,56.754,23.0,7.0,7.2,23.04,78.06,54.86,92.87,28.59,33.1,1
10.806,68.946,33.0,8.0,7.8,28.92,36.16,97.34,80.43,42.72,16.9,1
3.812,80.059,26.0,32.0,1.8,36.94,40.64,43.87,16.31,10.19,46.67,1
15.667,20.015,0.0,32.0,11.7,66.37,80.94,54.08,24.92,49.36,10.03,0
23.1,16.748,7.0,18.0,6.5,11.82,37.93,96.8,34.19,69.65,33.61,0
6.475,10.457,22.0,2.0,1.6,95.39,4.72,25.52,16.83,27.12,37.92,0
18.687,63.643,5.0,9.0,10.7,86.56,17.64,85.85,58.17,29.67,46.56,1
2.56,70.648,21.0,0.0,0.9,57.72,95.59,54.64,97.55,84.2,46.66,1
1.55,3.159,24.0,28.0,10.9,67.4,7.04,56.95,76.15,1.04,25.7,0
15.941,93.621,17.0,33.0,12.0,1.67,35.49,34.32,42.34,63.65,85.02,1
16.219,5.197,16.0,12.0,8.4,33.89,50.32,56.16,0.45,39.39,35.55,0
19.123,54.13,11.0,0.0,9.2,79.57,49.33,7.31,31.33,29.84,22.96,1
21.783,70.906,5.0,33.0,4.0,7.75,0.4,76.46,52.68,65.76,17.58,1
29.276,87.097,25.0,28.0,11.3,28.23,50.12,28.47,32.43,83.47,32.26,1
15.489,71.409,26.0,12.0,6.4,58.53,38.38,88.76,11.1,55.84,6.76,1
9.689,80.173,7.0,28.0,8.8,25.64,97.21,36.79,44.28,3.11,3.29,1
23.856,33.945,18.0,23.0,11.1,93.4,15.92,14.28,25.33,46.14,60.51,1
8.125,81.483,0.0,25.0,11.7,13.11,35.42,69.59,90.92,46.28,61.91,1
13.169,8.011,28.0,16.0,10.0,79.74,41.95,16.46,10.18,54.38,52.96,0
2.354,89.482,13.0,6.0,3.6,50.79,39.07,75.37,4.92,67.1,76.23,1
0.761,54.759,19.0,12.0,11.6,75.03,66.58,96.81,0.53,1.93,3.92,1
28.879,81.73,12.0,4.0,7.5,31.07,21.55,77.96,32.81,50.2,93.6,1
25.079,45.232,7.0,25.0,11.2,51.45,22.11,2.24,66.04,58.83,9.51,1
20.879,64.358,19.0,2.0,8.1,85.68,72.92,59.99,73.04,34.34,67.4,1
12.269,52.64,32.0,6.0,3.7,46.69,50.03,69.54,45.33,66.84,13.34,1
5.199,73.159,25.0,0.0,4.4,35.97,41.52,82.55,68.43,22.82,87.99,1
4.693,8.163,20.0,16.0,6.6,53.62,16.92,5.6,35.99,31.74,51.07,0
7.507,6.035,8.0,24.0,9.5,71.74,18.75,48.01,66.78,96.28,8.23,0
16.477,24.71,23.0,2.0,3.8,44.36,1.06,53.54,4.06,34.81,61.67,0
21.438,15.954,16.0,14.0,7.0,93.89,9.14,16.91,39.08,34.65,0.91,0
19.806,87.178,23.0,28.0,4.1,29.49,55.68,32.24,79.08,59.57,77.6,1
8.398,21.921,20.0,31.0,9.8,47.55,89.19,44.02,80.3,97.1,65.06,0
28.646,97.587,12.0,25.0,5.6,75.69,28.72,83.32,71.61,98.31,21.26,1
22.137,33.69,10.0,15.0,0.9,68.91,32.77,92.94,20.42,57.97,37.48,1
16.631,18.212,18.0,24.0,2.0,86.36,11.56,62.84,24.72,0.11,0.78,0
18.352,78.97,10.0,27.0,0.7,99.68,38.86,39.49,99.61,90.07,69.37,1
12.588,65.871,12.0,8.0,6.0,42.69,3.72,25.4,10.34,57.02,32.27,1
7.432,49.82,0.0,0.0,1.3,11.12,91.76,98.21,18.07,36.6,57.16,1
10.679,55.536,18.0,28.0,1.4,3.04,67.31,98.3,13.0,82.92,95.67,1
22.735,71.92,11.0,21.0,11.3,72.69,99.07,92.5,32.77,39.98,29.95,1
0.432,22.845,7.0,15.0,10.5,87.4,88.28,78.57,21.02,3.4,99.02,0
3.482,99.633,7.0,6.0,5.4,22.07,47.3,32.58,49.77,82.11,63.27,1
1.38,97.479,11.0,13.0,11.8,15.84,51.97,81.7,47.6,54.59,24.21,1
1.222,65.033,32.0,28.0,0.0,6.22,19.06,40.88,90.15,33.81,43.68,1
25.664,19.954,25.0,18.0,7.4,82.27,46.2,32.68,3.47,25.09,74.05,1
21.11,68.023,27.0,18.0,7.4,31.14,90.3,74.49,31.99,59.38,44.65,1
14.225,7.22,4.0,1.0,5.5,40.17,5.09,7.97,59.67,20.8,6.85,0
2.935,3.065,7.0,14.0,4.8,50.28,86.36,4.86,60.48,32.39,16.86,0
14.748,25.768,24.0,2.0,5.5,83.95,34.09,44.8,48.01,63.65,79.13,1
14.204,46.262,26.0,10.0,5.0,65.08,89.95,44.56,81.57,88.15,64.84,1
5.196,86.827,22.0,29.0,8.8,61.51,94.09,89.56,6.27,53.29,56.98,1
13.016,72.717,29.0,17.0,1.6,17.57,67.09,12.62,81.55,75.91,16.76,1
11.955,74.271,22.0,1.0,2.4,51.32,66.44,12.33,49.48,76.31,83.78,1
18.476,42.549,19.0,31.0,2.2,71.54,45.28,14.75,13.38,66.44,96.07,1
19.053,34.593,17.0,7.0,3.1,97.33,83.55,2.97,88.57,24.58,4.09,1
1.359,37.104,17.0,21.0,6.3,20.14,96.16,7.17,64.92,86.68,7.8,1
11.238,98.765,1.0,5.0,1.3,0.95,77.51,65.99,16.35,43.63,88.47,1
18.776,4.011,3.0,11.0,10.4,7.53,62.19,43.16,3.36,4.42,81.56,0
15.094,86.703,29.0,14.0,3.6,37.59,60.68,76.36,14.11,24.46,61.79,1
25.695,57.868,32.0,27.0,2.0,82.05,84.95,99.26,60.88,76.55,94.5,1
19.761,43.862,17.0,17.0,8.1,0.71,54.12,65.9,17.93,6.91,64.64,1
4.888,72.526,18.0,1.0,0.5,45.67,80.39,5.05,22.58,14.74,21.6,1
2.117,48.667,27.0,12.0,7.4,32.92,50.89,10.46,2.51,69.42,72.86,1
19.273,87.342,19.0,14.0,8.4,5.25,6.24,88.1,72.29,89.26,64.57,1
0.795,90.07,32.0,19.0,2.6,45.02,38.39,52.75,81.04,63.37,98.57,1
17.573,42.172,11.0,28.0,0.5,25.47,44.44,82.48,79.68,22.23,21.39,1
28.207,27.683,14.0,28.0,4.4,35.19,14.16,85.66,12.76,5.34,59.79,1
17.264,59.235,1.0,2.0,1.2,70.56,10.25,92.77,90.33,61.51,78.02,1
11.645,91.236,28.0,18.0,1.4,52.16,53.55,94.98,67.23,4.74,33.9,1
19.299,21.066,9.0,2.0,3.1,12.46,8.51,55.48,89.75,61.27,37.97,0
13.748,62.297,1.0,13.0,3.5,96.14,30.29,34.1,44.72,22.56,88.79,1
16.369,63.156,10.0,3.0,6.4,63.59,74.46,96.19,43.7,90.47,40.42,1
28.244,73.311,12.0,10.0,8.1,76.59,96.44,54.74,78.45,47.51,62.47,1
11.583,13.157,9.0,30.0,7.1,7.92,71.79,6.43,9.33,22.39,88.92,0
28.836,71.582,13.0,31.0,1.8,4.71,99.26,64.28,52.09,85.31,20.98,1
27.161,90.903,17.0,26.0,2.1,1.94,69.83,58.77,83.64,25.4,98.19,1
5.874,17.968,8.0,29.0,10.5,18.88,29.38,89.58,83.02,30.66,70.2,0
2.081,23.754,27.0,1.0,6.7,41.44,67.21,65.32,95.61,83.43,49.61,0
3.023,97.14,2.0,8.0,10.4,93.58,70.22,34.91,69.83,30.88,43.09,1
0.547,18.098,19.0,27.0,4.5,45.71,37.17,96.62,20.78,41.02,95.44,0
2.833,85.439,5.0,30.0,7.4,29.03,1.77,80.16,2.03,34.77,20.57,1
20.49,49.228,26.0,33.0,6.3,56.19,70.32,63.04,47.94,11.64,31.17,1
2.136,24.723,1.0,14.0,3.8,11.19,2.17,29.29,51.37,3.89,30.78,0
9.569,87.075,28.0,24.0,5.6,60.95,63.12,37.35,24.03,72.45,28.9,1
25.346,44.531,2.0,7.0,6.0,56.84,16.36,67.0,12.47,64.51,46.85,1
0.698,51.482,15.0,8.0,2.4,79.2,56.56,7.2,58.62,28.24,98.92,1
24.434,35.923,29.0,31.0,3.8,98.67,50.39,25.67,76.43,29.56,88.88,1
8.456,59.295,1.0,16.0,9.5,25.09,1.35,71.39,99.32,94.5,32.79,1
3.545,16.352,16.0,18.0,11.0,50.97,36.29,48.0,75.83,98.77,42.29,0
20.902,39.108,11.0,28.0,4.3,90.89,60.11,40.24,79.36,47.34,66.95,1
18.868,96.941,0.0,6.0,3.7,78.52,84.86,15.15,61.65,80.25,1.72,1
26.324,25.813,14.0,27.0,2.3,48.74,88.86,44.18,98.59,73.67,82.02,1
22.052,65.674,25.0,8.0,8.1,94.54,48.38,77.07,64.0,29.73,87.98,1
24.104,32.519,20.0,27.0,3.9,5.72,72.84,26.4,86.03,5.86,85.72,1
8.461,77.347,30.0,5.0,11.9,93.1,31.65,0.54,94.58,14.26,37.51,1
5.323,13.087,24.0,28.0,3.9,5.05,34.22,66.85,92.99,83.83,46.2,0
22.518,96.982,22.0,16.0,4.7,54.73,19.45,97.26,38.14,73.12,1.24,1
24.205,45.379,23.0,15.0,7.2,89.04,56.19,60.68,7.87,66.43,39.94,1
29.715,23.605,27.0,22.0,9.6,26.27,31.46,11.99,17.19,13.06,46.04,1
12.379,7.35,20.0,30.0,5.6,47.22,8.44,32.07,5.92,63.99,90.7,0
11.161,16.976,17.0,2.0,5.1,32.43,68.5,86.76,10.54,77.22,89.4,0
23.292,51.977,8.0,20.0,11.9,95.21,70.78,23.26,18.47,86.06,96.61,1
10.224,33.7,29.0,25.0,0.1,82.36,36.0,60.77,34.11,1.32,88.51,0
27.923,82.888,33.0,21.0,10.7,70.9,7.67,40.27,54.35,68.45,0.82,1
25.752,43.089,31.0,11.0,1.8,58.76,42.63,20.78,71.17,1.91,64.15,1
12.87,24.871,2.0,12.0,9.4,82.06,44.23,81.34,21.09,70.69,6.82,1
22.526,61.714,2.0,10.0,7.4,39.23,66.87,74.28,67.25,63.56,27.26,1
22.636,70.678,27.0,15.0,4.1,44.76,31.54,66.16,70.43,14.83,57.83,1
3.094,16.704,14.0,7.0,10.5,73.0,68.26,23.63,55.86,76.61,70.06,0
27.077,16.762,22.0,1.0,0.2,35.78,87.15,9.79,90.36,6.83,65.46,0
15.158,3.667,10.0,29.0,2.7,6.39,23.75,57.62,11.1,82.64,4.91,0
24.794,73.64,31.0,29.0,6.8,7.43,97.89,55.37,17.71,26.19,10.36,1
9.601,66.38,32.0,11.0,4.2,11.54,38.64,18.84,42.87,68.89,12.86,1
26.866,47.463,23.0,9.0,7.3,86.97,26.73,5.62,12.67,92.37,9.14,1
11.676,84.417,33.0,10.0,0.3,47.22,42.15,8.07,56.63,33.98,17.82,1
0.325,80.567,27.0,14.0,1.4,71.29,9.44,99.28,39.84,50.29,68.85,1
27.161,58.535,6.0,15.0,1.5,39.29,12.57,78.36,28.46,46.31,83.08,1
2.739,86.827,3.0,16.0,2.3,25.87,41.44,92.2,17.0,15.76,40.88,1
9.579,20.584,0.0,25.0,5.5,34.72,76.24,19.51,33.53,59.03,69.28,0
28.502,11.192,0.0,1.0,9.0,79.42,90.03,96.06,60.8,74.3,20.0,0
28.518,26.975,19.0,11.0,10.9,62.52,66.48,14.27,57.58,91.69,97.33,1
17.203,5.709,18.0,25.0,10.0,93.76,10.52,50.91,16.36,85.08,35.0,0
18.955,53.117,28.0,22.0,2.4,67.97,67.2,82.97,12.49,51.0,84.59,1
13.453,93.661,9.0,17.0,5.3,57.02,63.54,34.98,2.67,71.9,94.54,1
8.796,3.934,17.0,31.0,2.4,61.02,80.58,42.48,1.24,80.08,86.47,0
9.86,12.211,27.0,2.0,3.2,94.24,82.52,12.82,87.98,49.35,6.71,0
20.176,45.22,30.0,2.0,6.0,78.82,86.82,12.29,4.51,11.54,65.03,1
22.571,93.388,26.0,29.0,0.8,2.4,41.41,61.96,73.12,43.79,12.01,1
23.747,31.616,10.0,0.0,2.6,53.41,69.79,67.55,87.2,84.25,0.57,1
23.689,50.723,4.0,29.0,11.2,68.83,26.83,77.73,9.81,59.66,5.18,1
2.736,4.157,7.0,31.0,5.6,74.87,99.93,55.67,43.63,72.45,91.61,0
14.833,14.834,33.0,27.0,5.3,21.31,17.53,64.58,96.23,18.53,90.85,0
1.727,98.663,11.0,20.0,0.2,86.72,1.01,1.35,83.41,96.43,22.58,1
16.486,96.512,0.0,12.0,3.0,95.58,14.88,16.22,48.97,40.41,54.71,1
13.246,0.494,30.0,26.0,10.4,23.67,77.59,98.49,76.26,65.36,95.5,0
26.631,95.181,3.0,6.0,2.0,88.26,44.68,7.6,83.34,1.89,49.67,1
10.527,63.912,4.0,21.0,5.0,9.7,44.75,67.88,34.8,12.73,39.36,1
3.512,86.792,29.0,9.0,0.2,5.57,95.5,17.61,89.22,78.2,48.32,1
4.29,45.474,23.0,14.0,5.7,12.92,91.96,71.67,47.05,96.8,79.02,1
22.845,51.56,2.0,14.0,0.3,5.77,31.12,70.6,52.78,32.01,47.73,1
18.547,48.885,10.0,3.0,9.8,84.5,20.91,23.42,99.97,3.72,78.33,1
3.034,66.686,3.0,31.0,9.9,5.91,84.85,26.96,84.33,36.09,43.17,1
2.523,13.965,25.0,22.0,9.5,27.17,90.6,65.48,36.18,1.75,25.2,0
21.029,2.997,26.0,5.0,3.4,10.38,54.16,39.01,1.03,19.24,32.65,0
2.183,30.793,26.0,23.0,10.0,29.54,62.94,19.45,62.62,75.25,7.78,0
24.656,70.468,5.0,19.0,6.5,9.06,25.69,73.17,70.39,93.71,49.74,1
21.187,20.185,14.0,19.0,4.5,66.8,80.08,15.41,65.08,8.74,14.81,0
2.44,67.343,29.0,11.0,7.5,13.33,63.21,85.56,96.79,55.79,81.15,1
2.545,96.991,22.0,32.0,0.1,85.18,50.35,51.47,86.3,25.39,42.06,1
29.599,9.39,5.0,27.0,1.7,81.72,6.01,10.57,44.88,13.91,76.5,0
11.228,67.26,3.0,7.0,8.9,1.37,91.59,69.41,6.29,21.9,95.45,1
11.119,44.375,17.0,0.0,2.9,89.57,61.55,51.92,47.61,57.78,84.95,1
24.384,86.814,8.0,21.0,7.2,2.89,19.27,29.81,68.92,6.51,95.15,1
28.417,17.715,28.0,5.0,4.6,23.96,60.64,42.25,60.77,43.42,56.79,1
29.58,69.263,12.0,20.0,10.3,3.24,67.75,29.83,53.81,13.52,16.53,1
22.601,83.812,16.0,31.0,11.4,33.58,52.58,26.3,46.88,27.27,93.54,1
11.288,94.461,31.0,14.0,10.6,51.39,71.81,16.36,29.38,19.08,86.85,1
2.505,68.325,21.0,4.0,3.2,79.66,58.15,36.28,27.73,88.3,86.44,1
23.314,49.717,3.0,5.0,2.3,33.8,94.78,25.1,50.02,70.8,69.33,1
16.752,61.785,4.0,24.0,5.7,70.55,5.37,68.34,16.06,86.85,62.49,1
12.727,86.89,12.0,28.0,0.1,18.75,10.62,68.39,34.07,38.35,1.47,1
27.191,57.061,33.0,6.0,0.3,75.06,17.37,50.18,32.4,31.34,74.81,1
3.336,3.039,21.0,12.0,6.6,23.6,69.02,77.79,58.71,38.06,9.15,0
14.779,93.095,22.0,17.0,6.2,14.35,64.56,84.13,6.67,1.85,25.98,1
0.341,68.953,2.0,1.0,11.9,18.54,89.21,57.98,82.97,72.47,55.15,1
14.06,67.651,33.0,7.0,2.4,18.21,73.29,61.89,56.24,34.98,45.17,1
1.689,21.568,31.0,10.0,3.1,51.29,50.84,28.29,67.08,31.33,1.58,0
3.565,65.889,20.0,32.0,1.4,84.48,99.18,89.49,70.31,59.81,82.4,1
3.526,39.386,20.0,26.0,11.0,7.96,26.61,2.42,29.15,43.62,87.88,1
19.476,65.123,10.0,19.0,9.3,70.7,83.32,34.86,47.04,98.08,68.19,1
22.381,10.659,3.0,11.0,9.9,65.43,42.68,72.18,95.62,35.63,54.11,0
17.501,65.785,0.0,30.0,10.8,87.25,64.87,8.01,76.67,61.39,96.07,1
28.865,99.941,27.0,26.0,6.3,24.41,72.73,18.32,96.96,31.17,12.0,1
11.246,4.821,23.0,31.0,5.4,45.01,63.38,58.93,74.63,99.06,73.79,0
8.571,97.717,12.0,9.0,4.0,92.58,14.05,56.0,17.56,44.51,12.84,1
26.058,40.691,33.0,2.0,7.1,66.0,44.3,73.89,6.45,63.41,38.18,1
6.708,87.075,10.0,26.0,5.5,38.88,56.14,81.26,57.77,12.67,58.55,1
28.897,78.239,16.0,30.0,5.4,13.14,84.9,12.86,35.78,73.3,73.71,1
0.365,56.702,17.0,14.0,11.2,26.25,44.36,1.84,27.55,26.92,0.37,1
29.096,73.845,21.0,15.0,11.8,58.12,91.87,68.96,80.72,44.86,26.06,1
1.295,87.852,23.0,12.0,9.6,71.82,44.04,30.14,36.7,88.31,53.82,1
26.734,40.414,18.0,10.0,9.1,12.44,54.88,62.6,31.7,97.06,53.29,1
15.831,32.703,20.0,20.0,8.2,59.96,79.63,15.05,85.0,42.46,63.76,1
29.789,66.759,7.0,10.0,2.0,55.04,58.31,46.9,84.63,83.48,30.39,1
2.214,80.785,27.0,29.0,0.7,51.4,96.02,50.44,35.64,5.33,54.05,1
16.616,76.229,4.0,21.0,8.3,69.01,66.03,58.51,83.25,84.76,18.98,1
29.079,79.781,16.0,30.0,8.7,83.74,52.27,51.32,85.08,62.95,18.69,1
15.693,43.558,18.0,13.0,0.6,32.3,2.36,49.57,42.39,48.87,57.66,1
18.882,81.783,26.0,23.0,11.1,88.9,41.37,33.27,6.65,89.0,68.55,1
20.872,12.021,33.0,31.0,1.1,16.06,29.92,7.12,0.16,84.53,12.04,0
13.636,54.449,10.0,31.0,3.4,17.3,74.81,8.95,52.33,29.69,12.28,1
18.827,0.576,11.0,14.0,8.1,26.68,20.83,43.38,34.41,79.15,56.53,0
17.529,32.459,20.0,2.0,2.0,11.95,20.52,35.58,99.71,9.95,27.01,1
27.035,36.646,10.0,15.0,0.7,23.03,18.95,51.61,77.24,82.28,39.24,1
1.363,39.617,27.0,4.0,4.0,10.64,12.56,30.48,76.13,67.55,40.07,1
8.429,69.547,4.0,20.0,9.2,82.18,31.1,68.79,95.52,8.79,17.86,1
28.512,38.856,16.0,9.0,5.0,13.9,88.59,86.4,88.77,68.31,0.13,1
26.708,44.869,19.0,18.0,7.8,74.73,77.49,29.89,31.82,58.05,85.32,1
13.67,23.754,11.0,24.0,7.0,4.79,73.53,19.3,16.6,59.46,71.5,0
18.604,37.325,5.0,3.0,0.3,94.85,79.73,11.62,74.59,29.09,69.05,1
8.321,22.727,16.0,28.0,11.9,71.12,26.94,61.63,37.83,26.65,54.65,0
5.644,7.32,18.0,18.0,0.5,0.68,88.74,44.39,47.32,76.25,70.1,0
13.911,60.345,25.0,1.0,11.6,76.39,13.73,18.8,63.04,25.68,93.57,1
10.601,66.821,31.0,9.0,6.6,51.41,33.63,65.31,90.79,44.63,66.57,1
17.51,61.949,5.0,24.0,11.6,77.94,58.67,14.85,41.91,69.48,26.51,1
2.332,46.349,10.0,19.0,1.4,52.25,10.29,55.43,78.33,7.96,57.06,1
29.232,37.979,32.0,18.0,5.9,64.1,73.01,52.71,26.83,59.45,44.23,1
29.586,86.333,23.0,22.0,2.0,78.63,38.72,73.42,69.8,58.94,55.64,1
20.945,51.908,22.0,23.0,0.6,40.51,78.44,5.51,0.16,68.42,51.76,1
16.083,47.918,14.0,10.0,7.4,0.27,49.29,88.79,87.15,36.99,85.88,1
9.286,2.564,26.0,33.0,2.5,84.99,18.09,70.3,3.04,44.9,65.18,0
24.414,34.125,10.0,27.0,7.1,38.09,73.48,21.61,71.28,33.0,18.88,1
20.542,38.02,16.0,4.0,1.3,49.6,25.21,18.34,4.63,80.82,6.3,1
4.879,39.882,13.0,4.0,4.0,0.78,49.08,43.17,26.62,13.06,42.44,1
27.328,58.017,26.0,20.0,9.4,49.21,7.55,81.76,49.72,96.3,1.56,1
24.676,53.36,17.0,11.0,5.2,98.65,61.79,84.29,41.99,63.48,31.83,1
28.494,60.791,27.0,3.0,7.5,27.83,66.59,52.05,19.18,88.69,36.8,1
21.772,76.488,3.0,19.0,7.8,39.54,37.87,86.08,33.38,42.62,37.56,1
18.402,81.299,6.0,24.0,10.1,68.72,95.44,0.54,72.77,33.23,97.94,1
12.547,71.812,8.0,13.0,3.9,81.48,87.42,3.52,66.93,90.07,30.39,1
27.982,95.552,7.0,10.0,8.2,41.74,70.79,91.18,7.18,9.89,26.52,1
25.982,1.823,16.0,31.0,11.5,30.97,71.37,77.53,74.73,11.71,12.94,0
1.357,19.578,16.0,10.0,8.8,93.78,25.24,45.07,5.3,29.93,51.1,0
0.791,0.756,32.0,17.0,5.9,67.71,65.68,75.36,54.29,95.98,15.37,0
11.294,64.747,31.0,26.0,7.6,11.9,19.82,95.56,26.01,63.31,61.63,1
24.317,89.803,7.0,17.0,8.9,6.89,14.4,77.21,58.77,55.42,15.52,1
29.618,24.348,18.0,22.0,7.3,48.35,99.95,84.24,26.13,70.54,57.67,1
4.513,92.703,2.0,10.0,0.2,22.01,62.24,76.06,98.5,41.75,82.63,1
17.824,6.027,4.0,20.0,2.3,25.4,43.1,16.82,30.97,75.81,4.25,0
11.427,93.444,12.0,4.0,9.7,87.77,28.82,83.36,24.2,39.32,41.97,1
29.097,35.162,30.0,22.0,3.3,8.96,60.39,19.51,27.85,82.64,46.1,1
25.264,10.142,15.0,24.0,8.8,71.54,4.96,89.26,89.65,26.73,79.11,0
25.15,48.587,31.0,9.0,4.5,27.11,9.47,45.86,63.62,27.75,46.79,1
14.061,25.678,21.0,21.0,6.3,76.03,3.29,67.7,73.07,52.24,56.75,1
12.445,28.487,28.0,18.0,0.8,72.24,49.92,49.72,91.8,43.08,79.12,0
8.202,30.729,21.0,0.0,2.2,0.74,60.06,9.4,91.19,64.81,55.98,0
1.691,80.303,2.0,6.0,11.5,50.91,6.25,29.07,73.89,36.43,35.83,1
25.942,53.916,9.0,3.0,10.7,13.93,72.12,98.37,19.78,23.06,8.58,1
24.387,31.131,20.0,0.0,7.8,86.62,23.04,96.07,84.34,46.98,72.99,1
29.992,61.033,15.0,14.0,5.5,87.16,68.52,32.05,20.38,56.1,87.11,1
29.899,71.615,11.0,11.0,8.1,41.83,98.19,99.63,74.29,14.26,97.01,1
16.663,27.262,1.0,21.0,7.4,44.44,69.11,84.56,68.56,55.67,92.66,1
23.07,41.355,23.0,21.0,6.8,30.33,88.32,61.1,75.89,31.93,79.74,1
28.343,12.189,29.0,16.0,0.7,71.66,94.82,4.01,53.27,39.25,64.35,0
25.489,18.115,29.0,28.0,7.6,35.87,48.68,90.14,63.87,27.93,78.15,1
7.42,68.112,18.0,13.0,9.2,26.78,70.23,55.74,95.33,93.14,43.21,1
13.516,18.144,7.0,19.0,11.9,43.22,85.2,86.85,10.11,68.33,59.48,0
3.875,52.516,25.0,32.0,0.1,9.15,35.66,83.44,30.88,26.25,34.87,1
28.622,70.905,6.0,14.0,8.8,74.66,26.14,83.3,61.14,64.5,32.67,1
18.185,10.688,29.0,11.0,6.9,1.26,94.66,69.82,96.41,84.86,75.67,0
6.859,56.731,6.0,19.0,5.2,64.45,72.63,29.14,9.56,40.16,45.39,1
20.151,25.656,2.0,29.0,1.5,18.29,21.97,33.62,2.25,83.0,21.22,0
18.544,96.293,0.0,2.0,4.9,23.24,44.91,30.85,5.57,15.44,20.19,1
10.745,48.355,24.0,27.0,4.3,63.56,79.65,2.0,5.24,82.28,85.92,1
3.407,80.599,0.0,25.0,3.6,99.29,54.71,58.26,90.78,54.03,67.78,1
20.147,55.023,14.0,29.0,8.8,77.77,65.0,69.88,72.13,22.3,54.6,1
15.609,4.341,12.0,12.0,8.4,22.58,75.38,85.39,67.71,40.71,40.09,0
23.17,63.315,7.0,12.0,7.1,17.6,62.2,14.02,52.26,98.8,43.08,1
15.605,95.14,4.0,1.0,11.3,86.62,54.01,54.42,78.2,78.36,5.74,1
25.565,60.161,8.0,1.0,4.2,44.42,74.96,0.8,15.56,57.51,45.49,1
16.557,81.919,0.0,25.0,2.9,13.71,72.76,9.51,39.19,11.52,79.55,1
16.828,88.421,1.0,10.0,7.9,86.22,62.99,5.42,49.0,41.78,38.8,1
26.3,22.808,22.0,7.0,2.4,81.61,35.98,72.55,11.04,26.31,38.36,0
12.104,21.204,8.0,21.0,3.8,98.39,40.58,8.11,41.95,7.1,1.57,0
4.02,61.098,33.0,19.0,2.7,90.97,97.04,71.65,31.65,54.22,45.78,1
0.863,41.103,13.0,7.0,0.8,85.18,11.24,24.96,3.56,88.92,2.53,0
22.654,83.986,3.0,28.0,9.9,5.26,26.85,87.77,13.67,67.56,57.03,1
18.609,90.002,29.0,25.0,3.1,10.44,49.24,81.31,76.4,24.97,50.68,1
21.122,35.342,30.0,29.0,5.7,56.9,83.67,95.78,1.8,57.36,84.0,1
6.389,23.687,10.0,16.0,0.5,53.15,16.37,88.38,93.43,94.32,58.18,0
4.091,78.053,7.0,19.0,8.4,45.8,27.7,93.33,8.64,72.29,32.34,1
0.436,27.481,2.0,15.0,4.0,39.68,6.58,85.87,79.92,68.95,51.62,0
10.518,82.261,13.0,6.0,8.9,43.12,70.6,69.34,89.86,96.82,69.97,1
17.698,42.374,12.0,15.0,4.9,56.93,23.82,17.03,94.11,79.89,9.4,1
11.767,66.755,31.0,26.0,2.3,0.21,38.87,27.17,86.75,13.66,62.11,1
13.124,9.554,33.0,22.0,6.2,26.07,44.37,21.27,28.76,34.76,91.66,0
27.125,62.386,18.0,23.0,1.6,51.83,89.13,60.36,33.31,96.51,29.91,1
10.448,45.177,15.0,8.0,5.3,72.22,41.13,50.36,42.65,48.97,62.66,1
15.42,58.661,1.0,19.0,3.8,17.42,14.52,86.71,13.93,11.16,82.13,1
23.51,16.801,16.0,16.0,10.9,54.69,52.43,95.27,2.23,45.86,51.18,0
11.896,73.687,33.0,30.0,0.7,71.45,96.3,40.49,86.91,69.7,71.8,1
18.663,86.28,15.0,7.0,8.3,44.46,60.77,50.64,55.41,99.75,31.1,1
25.871,21.674,1.0,14.0,2.2,2.71,98.34,97.15,60.87,32.39,30.61,0
28.486,9.571,1.0,30.0,3.8,44.93,84.11,27.62,92.7,51.41,66.76,0
4.412,2.364,25.0,29.0,5.0,29.64,3.6,79.24,66.51,87.97,70.54,0
27.798,64.197,12.0,19.0,10.9,92.96,65.84,22.52,69.09,35.53,93.7,1
14.763,60.709,30.0,11.0,2.9,12.46,28.68,68.15,78.7,10.93,22.48,1
7.747,54.67,33.0,16.0,1.1,65.25,55.96,25.36,11.63,94.89,46.82,1
13.774,23.195,2.0,29.0,3.8,5.27,27.93,88.37,36.02,48.84,25.05,0
29.401,39.091,7.0,28.0,1.3,44.62,34.89,56.15,96.82,50.28,8.01,1
14.779,59.448,22.0,18.0,1.5,55.4,92.32,18.59,92.29,62.12,40.32,1
9.863,49.677,13.0,10.0,6.9,29.8,20.66,22.44,88.41,0.35,37.41,1
19.002,98.779,26.0,33.0,0.7,45.51,87.41,49.38,45.21,93.11,27.04,1
7.204,13.644,28.0,6.0,0.4,16.36,3.05,96.16,85.72,36.15,29.7,0
2.276,69.514,0.0,33.0,8.6,30.41,9.09,76.96,4.84,39.69,36.04,1
3.866,40.432,16.0,19.0,4.3,62.11,85.47,48.83,14.85,17.41,98.88,1
3.841,42.82,29.0,23.0,1.5,30.18,63.06,33.77,41.4,37.82,78.3,1
4.557,71.76,12.0,9.0,3.0,89.97,74.72,54.93,48.34,80.39,7.14,1
4.165,69.244,20.0,31.0,7.7,62.84,20.94,74.84,26.35,80.0,87.24,1
19.226,99.126,18.0,14.0,3.3,43.86,53.71,78.39,35.65,93.58,63.33,1
5.456,12.839,18.0,19.0,5.9,3.88,73.72,32.46,16.28,40.32,89.06,0
10.37,10.411,24.0,2.0,1.5,49.95,62.73,72.12,48.91,70.87,34.17,0
26.904,72.434,21.0,7.0,7.1,76.48,47.17,65.78,79.38,50.72,46.45,1
14.219,57.839,30.0,22.0,3.8,26.56,95.98,95.91,66.14,80.4,89.62,1
20.027,27.416,16.0,10.0,7.5,80.68,67.62,93.11,10.78,71.25,27.26,1
5.17,7.942,22.0,7.0,9.7,25.18,90.78,78.94,48.76,36.79,91.55,0
5.769,8.566,31.0,28.0,7.3,82.37,72.98,72.34,69.76,33.67,82.85,0
1.226,89.419,9.0,29.0,3.5,8.53,73.55,27.4,52.99,25.24,98.06,1
5.068,19.187,9.0,9.0,3.1,86.62,8.0,84.6,39.17,57.65,32.43,0
8.358,32.337,7.0,27.0,3.9,49.92,35.95,42.75,62.19,96.38,23.58,1
5.31,22.666,19.0,12.0,2.0,29.65,85.84,27.22,96.86,20.01,33.09,0
2.661,35.5,31.0,31.0,2.2,26.51,23.26,38.42,9.49,9.53,95.46,0
3.619,6.942,13.0,25.0,9.5,43.2,11.55,83.59,39.0,11.94,33.31,0
13.823,51.906,27.0,21.0,4.6,99.9,32.61,14.86,40.66,78.31,56.52,1
6.19,6.761,23.0,3.0,5.2,22.03,22.04,45.62,57.7,35.01,40.37,0
10.928,80.036,14.0,30.0,7.1,10.32,92.53,49.24,15.22,22.44,39.62,1
15.103,23.371,21.0,17.0,7.1,58.5,86.8,3.66,17.66,35.28,19.34,1
20.712,54.001,29.0,23.0,0.8,48.85,49.97,19.57,28.54,64.53,53.71,1
1.179,88.008,3.0,22.0,10.0,52.42,6.13,82.67,95.59,54.68,84.94,1
23.982,65.088,12.0,21.0,2.1,66.69,71.46,83.08,73.41,74.36,4.95,1
18.837,53.296,22.0,1.0,8.7,26.71,62.34,29.24,66.17,33.91,88.92,1
2.453,32.433,7.0,30.0,9.3,91.07,97.06,87.49,81.7,45.2,66.55,1
26.207,33.3,17.0,10.0,8.6,43.57,55.9,77.18,12.76,10.2,61.67,1
27.626,66.949,11.0,27.0,6.9,12.91,33.64,41.79,85.93,7.31,62.59,1
1.832,99.414,30.0,31.0,0.2,74.23,51.9,74.84,59.48,46.23,29.63,1
8.306,66.184,13.0,4.0,4.3,64.31,97.93,96.13,33.53,30.16,41.51,1
24.186,55.778,33.0,9.0,7.3,31.57,69.64,45.9,81.59,61.28,79.93,1
22.448,73.065,17.0,23.0,4.6,62.15,67.2,23.84,80.26,4.3,30.64,1
5.536,46.521,33.0,22.0,10.4,21.99,24.07,94.18,84.57,12.18,47.0,1
6.28,6.014,10.0,16.0,3.7,44.48,74.36,60.37,11.55,86.52,1.96,0
11.114,56.23,11.0,0.0,3.5,89.94,75.03,10.53,96.94,56.63,73.36,1
14.536,95.763,14.0,30.0,3.2,13.35,31.73,57.27,95.96,71.21,41.77,1
18.548,17.53,30.0,30.0,4.0,38.67,48.37,50.06,35.75,84.2,52.54,0
11.067,69.0,28.0,33.0,6.7,82.11,29.46,85.56,6.59,46.38,11.47,1
13.876,20.093,25.0,8.0,8.5,96.95,25.87,53.07,16.71,76.11,99.17,0
22.424,53.583,17.0,21.0,8.0,45.39,2.59,25.52,99.28,52.46,30.25,1
1.1,9.668,31.0,12.0,9.7,50.7,28.52,67.56,56.3,22.27,63.5,0
7.573,45.037,21.0,24.0,10.6,57.22,55.4,54.26,35.66,33.77,58.12,1
21.4,75.616,16.0,17.0,9.8,93.23,0.16,23.3,28.82,49.04,78.51,1
26.856,34.757,22.0,11.0,0.2,85.82,28.32,57.36,25.7,31.69,29.38,1
15.35,66.491,23.0,16.0,8.8,17.06,88.14,82.15,66.42,33.55,75.59,1
15.963,79.545,7.0,14.0,2.5,43.68,59.36,2.86,41.94,33.74,38.25,1
3.215,92.718,5.0,14.0,1.6,46.4,60.79,63.09,96.54,12.28,41.12,1
13.422,23.464,4.0,14.0,7.7,78.91,40.34,34.96,68.38,8.46,67.27,0
15.979,39.932,28.0,12.0,3.8,60.29,67.65,29.27,79.2,4.65,78.43,1
7.274,15.242,27.0,16.0,0.7,65.42,18.99,39.26,29.27,11.1,66.69,0
8.077,99.248,10.0,31.0,1.7,99.82,81.87,34.2,7.92,34.37,89.99,1
11.319,92.7,0.0,8.0,0.0,7.5,11.67,83.22,48.78,59.39,28.52,1
0.602,53.996,18.0,19.0,10.8,22.3,65.6,27.48,31.46,18.81,90.06,1
9.662,84.203,8.0,25.0,0.3,40.79,34.11,73.32,20.21,88.8,13.09,1
6.343,52.096,26.0,26.0,2.5,34.78,74.75,9.41,95.26,80.84,65.95,1
9.825,62.359,33.0,20.0,5.0,2.16,54.98,95.14,44.4,52.05,54.76,1
3.593,8.912,3.0,17.0,4.3,9.18,45.24,62.23,17.47,72.42,49.46,0
26.716,75.527,17.0,12.0,10.9,68.1,16.94,70.67,19.87,36.63,31.09,1
17.808,12.771,14.0,15.0,0.5,87.93,63.68,29.8,28.07,3.68,50.37,0
20.373,82.607,12.0,8.0,6.1,51.42,97.48,41.21,99.93,90.43,16.18,1
23.675,78.203,18.0,11.0,8.2,53.92,82.56,22.38,26.8,12.78,36.93,1
14.953,70.874,5.0,18.0,11.2,25.51,6.0,93.25,32.88,94.79,9.87,1
2.608,3.616,11.0,6.0,7.4,76.79,37.62,48.81,65.93,57.19,57.18,0
16.113,30.313,16.0,17.0,9.6,75.18,92.56,63.04,29.4,30.56,9.58,1
17.605,26.311,22.0,15.0,1.0,58.84,50.3,73.43,21.58,49.55,16.03,0
22.363,36.014,25.0,3.0,4.6,21.27,66.21,37.11,15.86,50.16,8.55,1
12.95,8.764,28.0,24.0,4.5,9.7,91.26,72.01,31.27,2.33,38.13,0
3.827,93.696,32.0,31.0,10.6,6.42,87.38,67.6,10.59,35.55,84.2,1
8.513,55.38,26.0,12.0,1.8,59.27,50.18,70.57,1.86,73.99,90.69,1
10.892,30.552,24.0,16.0,1.8,82.5,43.76,48.92,80.46,51.01,7.19,0
19.378,39.698,9.0,5.0,3.9,85.83,33.97,38.29,13.79,24.42,63.46,1
17.123,44.72,22.0,18.0,0.7,46.36,71.9,22.21,77.6,33.51,68.44,1
10.683,60.059,20.0,12.0,2.2,78.43,28.7,82.46,79.75,86.31,53.38,1
29.595,51.568,20.0,25.0,11.6,94.69,24.99,60.84,53.79,52.55,66.7,1
18.173,91.939,12.0,13.0,5.1,27.52,35.62,44.44,30.97,52.84,23.37,1
7.117,49.696,32.0,30.0,7.6,39.8,17.72,94.4,14.5,96.15,48.96,1
3.053,99.216,23.0,3.0,8.7,93.15,69.51,4.78,73.68,32.09,39.09,1
4.586,85.142,10.0,7.0,4.4,33.82,61.62,85.02,60.14,47.95,8.97,1
7.379,20.851,16.0,24.0,1.8,91.39,48.29,99.76,65.55,81.17,62.56,0
4.82,93.06,3.0,12.0,2.5,98.1,39.03,88.69,0.87,75.89,49.52,1
5.597,11.637,24.0,31.0,3.8,66.18,90.91,81.04,92.75,26.58,27.52,0
8.553,81.745,29.0,27.0,7.6,81.69,2.91,37.43,6.63,15.11,47.37,1
5.201,38.062,8.0,29.0,4.8,74.95,76.91,23.13,36.68,70.07,77.53,1
26.903,87.797,20.0,2.0,0.1,69.95,90.19,73.49,40.27,25.77,80.17,1
2.407,86.806,19.0,27.0,6.3,30.69,44.64,30.46,0.14,92.27,64.95,1
15.735,80.593,18.0,2.0,11.1,5.71,55.07,17.6,49.71,12.92,46.77,1
12.312,79.003,18.0,33.0,9.7,34.31,94.45,78.65,75.28,31.83,57.57,1
29.471,30.468,11.0,15.0,9.9,66.69,21.23,31.25,82.33,5.48,38.5,1
3.361,8.092,16.0,21.0,9.5,10.25,52.01,91.44,87.94,70.33,12.66,0
11.936,40.298,27.0,31.0,3.9,1.19,47.47,84.06,48.77,89.13,38.56,1
29.084,17.352,17.0,7.0,9.2,13.97,25.84,84.76,63.06,63.59,53.03,1
25.965,69.495,13.0,7.0,1.7,71.57,81.86,77.16,7.95,93.78,59.88,1
24.512,34.61,6.0,5.0,7.9,97.28,89.96,88.09,48.8,12.85,93.58,1
7.737,97.561,12.0,13.0,7.7,98.31,78.19,80.57,15.48,8.77,77.73,1
5.127,64.097,17.0,31.0,0.3,49.4,19.54,60.25,36.96,83.84,15.2,1
20.059,82.248,12.0,9.0,9.5,86.94,8.67,29.58,32.93,85.55,17.42,1
27.881,13.252,30.0,2.0,10.8,73.68,60.54,88.82,42.35,83.1,10.05,0
16.703,86.201,1.0,11.0,3.2,50.1,5.71,84.06,57.16,79.9,73.82,1
17.148,92.276,15.0,30.0,9.7,57.28,67.28,47.29,90.29,36.22,70.61,1
8.399,48.706,8.0,28.0,1.0,13.72,53.04,3.91,39.45,21.75,98.64,1
23.085,60.625,8.0,4.0,7.2,93.77,66.28,63.85,98.11,92.88,52.2,1
5.611,76.481,10.0,24.0,5.8,35.19,59.02,5.06,75.9,30.7,82.64,1
9.71,17.484,21.0,30.0,6.6,44.61,42.27,92.63,51.15,39.84,57.64,0
12.763,50.257,32.0,20.0,11.1,67.17,20.09,96.16,64.4,69.96,87.41,1
15.228,39.866,22.0,19.0,10.5,33.39,30.57,18.95,10.22,29.34,72.1,1
7.272,14.637,33.0,21.0,9.4,25.43,52.45,67.64,84.45,81.91,64.29,0
3.445,36.753,8.0,3.0,3.3,63.1,65.19,9.23,58.24,7.0,56.51,1
18.319,6.817,23.0,12.0,10.9,2.5,77.95,72.95,98.61,79.12,72.3,0
8.659,2.581,7.0,19.0,1.2,72.07,76.72,34.73,63.64,60.19,41.97,0
17.437,13.517,6.0,12.0,10.2,51.4,97.27,68.11,83.41,57.3,9.66,0
4.631,96.312,17.0,16.0,3.9,60.58,28.58,37.29,79.98,45.84,4.0,1
14.434,54.953,2.0,32.0,0.6,63.19,7.11,14.56,34.55,27.7,47.9,1
15.978,96.582,27.0,0.0,8.0,52.71,34.57,40.61,25.96,46.41,59.93,1
1.555,43.25,5.0,14.0,2.8,58.25,74.33,11.27,43.05,45.0,7.88,1
10.098,31.182,20.0,12.0,2.9,68.38,43.81,57.69,46.72,58.38,28.69,0
4.032,50.614,27.0,16.0,3.7,75.31,81.78,4.1,24.01,28.16,32.2,1
1.901,43.951,0.0,23.0,0.8,72.75,54.93,52.73,89.46,7.76,56.28,0
29.699,10.566,20.0,7.0,2.1,86.96,92.98,88.64,54.25,14.51,27.85,0
9.671,64.083,12.0,26.0,0.1,18.94,94.79,83.79,97.84,69.92,9.56,1
24.296,21.604,9.0,22.0,5.3,40.11,6.93,88.28,81.0,2.25,16.49,1
7.639,61.959,9.0,7.0,1.0,94.78,45.64,92.2,55.57,85.64,17.39,1
20.445,65.02,12.0,7.0,8.2,39.66,60.97,10.45,94.7,69.44,84.27,1
22.807,15.202,23.0,25.0,2.8,12.49,25.59,12.87,50.49,76.81,28.43,0
17.869,6.135,1.0,12.0,11.3,52.54,40.71,55.7,88.71,83.6,71.47,0
14.147,78.076,21.0,27.0,10.5,10.95,67.77,89.4,35.81,12.27,56.78,1
12.355,45.98,16.0,24.0,3.5,20.29,22.67,97.43,37.86,82.25,97.7,1
10.466,5.816,13.0,15.0,9.4,99.83,60.2,4.63,41.81,50.46,27.28,0
27.886,99.487,9.0,1.0,9.6,54.14,69.74,35.58,54.66,88.55,15.84,1
24.919,5.778,24.0,17.0,11.8,28.41,9.05,21.29,55.35,88.66,5.2,0
28.951,69.504,2.0,16.0,7.2,99.48,49.75,75.6,49.64,2.42,24.1,1
3.729,98.368,16.0,29.0,1.0,96.66,26.31,64.02,30.6,38.29,68.41,1
21.926,23.918,11.0,12.0,7.8,44.07,72.44,11.99,92.72,52.64,8.53,1
28.15,14.225,23.0,31.0,7.5,26.04,18.96,48.35,58.86,67.84,24.47,0
5.437,12.138,28.0,28.0,7.7,83.84,89.22,68.54,40.77,28.62,85.53,0
1.995,30.328,24.0,29.0,3.7,71.56,43.09,77.9,65.12,25.21,58.3,0
22.234,10.105,25.0,17.0,10.3,68.69,19.8,2.01,76.8,38.13,6.95,0
17.234,69.216,0.0,12.0,11.5,89.31,43.8,89.05,96.07,50.09,4.77,1
25.255,6.229,19.0,20.0,2.6,68.94,40.87,56.93,49.95,95.11,6.11,0
4.193,50.942,27.0,29.0,1.1,28.38,42.89,81.19,11.21,76.21,94.19,1
23.858,99.67,15.0,20.0,2.3,69.39,58.56,80.79,44.08,42.93,84.99,1
6.049,81.397,16.0,16.0,9.8,30.58,52.12,18.99,47.9,5.44,84.49,1
4.91,61.522,27.0,18.0,8.1,75.92,14.98,11.02,89.7,16.85,92.42,1
4.928,30.625,11.0,14.0,7.6,61.97,6.56,72.13,39.48,45.59,50.53,1
24.437,62.39,26.0,8.0,4.8,7.74,72.94,15.64,95.33,81.38,24.73,1
19.956,52.704,29.0,9.0,6.9,51.28,55.97,84.99,48.51,38.07,40.13,1
15.692,42.608,33.0,30.0,3.7,34.33,35.9,72.62,97.38,53.85,71.89,1
10.765,13.071,5.0,22.0,5.7,32.86,80.84,84.18,0.82,89.18,87.6,0
26.316,88.66,6.0,29.0,9.5,60.23,38.81,29.9,89.88,91.38,43.51,1
11.773,44.978,31.0,32.0,11.8,32.23,79.6,31.66,93.11,21.58,53.54,1
24.498,19.462,31.0,8.0,11.2,77.69,30.58,67.12,96.1,4.36,93.18,1
13.174,36.776,24.0,0.0,11.2,7.08,7.28,3.14,1.31,30.54,10.75,1
11.308,41.413,32.0,10.0,4.8,66.04,93.26,72.65,17.17,69.58,86.23,1
13.88,82.754,6.0,33.0,5.6,80.92,39.46,83.58,65.38,95.11,15.93,1
9.041,73.361,11.0,15.0,8.5,67.28,79.27,41.52,2.55,7.7,48.39,1
22.428,76.93,15.0,8.0,11.1,49.72,27.91,76.49,6.36,2.85,21.84,1
15.082,1.103,15.0,31.0,1.7,95.03,64.64,17.46,22.11,88.41,60.29,0
6.966,41.615,12.0,14.0,3.7,29.99,87.33,32.23,51.24,74.81,55.86,1
26.987,48.134,6.0,11.0,1.7,1.92,4.16,97.43,54.59,99.22,38.0,1
11.517,1.919,8.0,32.0,7.3,43.2,83.06,98.63,3.43,39.68,86.33,0
16.307,25.981,31.0,13.0,3.7,3.3,57.13,51.26,17.04,41.61,65.98,0
27.194,76.029,10.0,7.0,3.9,95.39,60.75,93.43,49.97,17.23,72.12,1
18.727,13.711,7.0,7.0,0.9,20.99,52.32,52.27,59.39,11.58,15.07,0
3.507,53.531,32.0,26.0,4.2,78.89,87.45,29.16,14.84,57.87,88.32,1
28.195,21.52,22.0,11.0,10.3,77.46,4.34,26.69,39.88,36.43,16.7,1
18.831,1.212,24.0,0.0,2.8,21.77,26.1,92.95,90.44,8.03,22.28,0
10.047,24.12,7.0,10.0,8.3,62.12,87.58,17.24,99.89,88.7,12.81,0
4.178,97.587,21.0,30.0,7.6,4.81,75.23,57.96,98.72,19.84,44.04,1
23.821,80.154,3.0,16.0,10.4,48.36,1.76,55.55,88.17,74.86,88.77,1
18.602,95.958,2.0,32.0,1.6,1.46,51.7,73.96,39.47,28.22,25.24,1
16.004,48.785,28.0,31.0,11.7,92.11,52.96,49.92,68.66,81.29,37.38,1
26.817,10.974,28.0,28.0,7.0,97.61,40.09,27.23,41.66,11.84,84.61,0
23.658,54.796,33.0,20.0,11.9,22.23,29.74,16.94,64.85,75.61,61.78,1
4.55,45.438,33.0,20.0,10.9,20.81,68.17,62.08,30.94,9.81,75.16,1
9.352,84.436,27.0,22.0,2.7,75.37,20.78,71.9,60.62,44.69,21.4,1
7.455,9.808,12.0,5.0,0.7,25.34,79.89,56.95,52.38,73.4,71.65,0
22.318,48.824,14.0,21.0,3.1,89.51,80.3,73.84,2.45,17.32,22.76,1
1.006,15.005,22.0,7.0,6.3,57.39,41.53,14.15,79.07,28.57,98.73,0
17.097,32.468,25.0,10.0,2.1,35.08,28.35,88.25,1.19,86.48,55.99,1
22.874,73.736,3.0,23.0,2.0,83.27,28.39,58.24,29.32,88.51,69.56,1
26.303,47.602,25.0,20.0,5.6,49.34,48.23,12.68,0.59,4.49,11.84,1
10.262,37.589,8.0,1.0,0.4,91.16,71.96,46.19,37.62,16.81,25.07,0
24.638,39.448,4.0,18.0,1.5,92.8,35.89,84.48,6.32,11.75,13.97,1
3.319,45.945,31.0,27.0,5.0,16.54,61.0,89.76,91.35,17.97,39.02,1
25.394,78.502,19.0,16.0,0.8,0.23,38.25,26.46,41.57,97.02,28.41,1
3.825,89.208,10.0,5.0,4.8,98.39,30.45,71.13,45.95,55.17,73.29,1
11.919,95.533,14.0,18.0,5.7,90.61,2.49,10.0,34.99,46.81,10.87,1
23.919,78.69,31.0,27.0,5.4,5.54,0.39,3.35,62.75,98.45,75.21,1
4.498,31.541,27.0,1.0,10.4,83.3,22.72,56.04,78.44,55.7,4.57,1
6.878,68.813,21.0,3.0,6.4,45.78,40.64,69.48,64.81,66.11,20.2,1
21.668,43.76,16.0,21.0,5.6,25.9,85.13,79.58,74.82,33.28,79.2,1
21.601,25.467,25.0,25.0,4.9,87.87,79.85,34.02,90.6,38.21,74.28,1
19.234,84.087,6.0,12.0,9.8,19.67,26.72,0.65,86.35,59.44,47.63,1
20.818,3.843,25.0,31.0,10.7,94.73,24.45,47.95,67.41,6.98,5.0,0
16.282,90.176,24.0,16.0,10.2,20.56,22.73,1.59,21.46,25.59,60.99,1
7.554,46.148,9.0,18.0,8.1,61.37,33.92,9.2,63.77,19.68,40.67,1
10.371,63.72,18.0,27.0,1.6,22.31,49.82,32.67,50.61,1.59,31.65,1
5.448,65.935,10.0,0.0,3.3,54.57,43.87,43.72,71.72,53.69,64.04,1
27.254,89.512,12.0,17.0,0.6,68.4,21.83,27.95,83.29,56.11,43.66,1
17.502,63.667,7.0,32.0,11.2,19.02,13.05,58.19,74.27,38.39,9.24,1
12.026,61.393,3.0,11.0,7.9,52.09,1.26,5.53,84.66,26.87,91.6,1
13.86,6.665,30.0,7.0,9.0,46.91,15.4,14.46,6.39,65.21,77.85,0
28.419,51.841,27.0,23.0,3.7,7.1,70.54,69.53,3.16,13.47,5.64,1
4.601,15.017,10.0,15.0,10.1,81.83,24.36,14.21,25.85,51.86,52.51,0
17.587,73.743,0.0,3.0,3.1,33.57,46.86,63.98,90.07,76.81,8.34,1
15.177,51.222,23.0,26.0,0.0,57.46,59.13,5.47,82.37,16.43,83.73,1
18.344,68.023,30.0,8.0,4.5,51.48,88.68,40.74,68.27,75.33,61.3,1
0.543,4.167,25.0,15.0,6.8,51.33,88.89,17.74,70.08,76.08,17.24,0
26.164,8.479,4.0,11.0,5.7,10.72,74.57,10.96,72.67,5.99,2.07,0
27.964,71.632,19.0,30.0,10.3,42.35,3.52,56.7,94.26,1.88,3.16,1
16.954,7.208,10.0,23.0,1.3,45.24,57.51,92.83,83.22,97.39,50.74,0
20.9,7.126,32.0,13.0,6.6,73.36,78.66,5.48,62.34,19.34,73.44,0
27.675,1.211,26.0,24.0,6.2,84.0,1.73,42.16,66.57,82.21,12.08,0
21.217,95.65,33.0,33.0,3.4,54.5,54.97,70.75,21.37,56.19,22.13,1
4.576,73.751,14.0,2.0,9.9,8.68,85.78,46.27,65.73,26.45,32.73,1
17.289,35.325,31.0,23.0,9.0,23.68,47.41,80.65,42.47,13.0,21.81,1
18.201,29.654,20.0,8.0,8.8,16.49,0.41,17.96,15.3,49.67,39.13,1
12.724,34.97,4.0,25.0,10.5,12.46,1.1,95.96,80.64,40.74,55.96,1
22.093,77.465,5.0,19.0,8.7,36.59,41.66,38.52,51.02,69.89,68.49,1
28.031,66.137,21.0,9.0,2.8,22.94,15.5,34.16,97.74,90.42,96.38,1
27.767,18.52,17.0,18.0,8.5,21.83,66.45,87.46,28.17,80.52,93.08,1
13.525,17.411,13.0,2.0,3.7,5.47,70.88,56.39,48.07,27.45,57.01,0
3.397,9.84,9.0,23.0,2.9,1.77,17.79,51.64,44.8,87.89,73.42,0
29.545,66.03,12.0,4.0,0.9,10.28,88.85,72.7,12.08,83.34,95.09,1
25.167,76.437,30.0,2.0,8.9,17.22,44.19,57.98,42.61,92.91,8.35,1
3.74,26.505,29.0,26.0,8.5,43.1,14.28,16.25,28.76,45.87,0.56,0
27.625,2.094,2.0,15.0,2.8,51.05,76.43,67.42,16.03,76.86,2.98,0
26.097,8.217,29.0,14.0,9.0,14.06,79.0,13.35,28.22,59.17,56.33,0
15.565,96.786,5.0,11.0,11.0,42.48,63.93,80.59,23.33,31.05,76.28,1
17.738,29.544,28.0,25.0,1.3,34.17,85.35,98.97,73.41,99.44,36.71,0
11.97,76.922,7.0,33.0,2.8,18.34,73.74,37.74,3.08,3.83,54.52,1
1.643,62.466,32.0,22.0,9.0,0.68,88.22,44.48,61.75,16.23,51.64,1
10.056,38.194,16.0,30.0,3.3,46.7,43.39,4.64,76.07,89.25,9.48,1
24.086,20.569,10.0,19.0,7.5,68.57,74.76,1.37,48.07,6.06,32.16,1
0.139,12.139,12.0,11.0,1.0,22.63,99.98,92.14,93.16,88.68,1.94,0
10.005,61.501,10.0,22.0,5.4,13.18,72.49,12.86,70.79,71.52,11.07,1
11.945,77.463,30.0,3.0,8.9,88.7,11.42,44.58,74.79,3.67,81.19,1
16.122,64.39,27.0,22.0,8.2,27.5,51.83,81.54,19.69,42.93,82.94,1
27.596,53.03,5.0,0.0,9.8,22.36,58.73,88.93,77.73,75.45,80.19,1
10.39,4.195,15.0,24.0,10.5,85.71,17.42,51.94,83.21,58.31,72.68,0
10.409,96.849,3.0,1.0,9.3,81.71,96.29,56.5,36.13,93.59,79.33,1
22.125,79.871,25.0,29.0,8.1,44.83,17.56,66.97,21.34,86.76,67.1,1
13.567,29.282,11.0,2.0,0.4,48.92,17.76,96.14,38.51,33.26,66.98,0
6.738,97.997,10.0,20.0,6.4,21.77,91.52,60.27,73.96,8.46,66.74,1
13.573,60.188,24.0,24.0,0.5,7.83,46.52,55.95,41.76,94.43,51.4,1
4.226,58.242,17.0,19.0,9.7,57.34,6.32,1.45,73.67,51.73,36.33,1
5.292,74.807,18.0,21.0,3.8,9.83,59.82,8.09,11.36,7.44,73.02,1
14.951,81.177,22.0,20.0,6.7,44.93,60.18,57.72,80.6,81.66,29.86,1
12.568,65.648,17.0,32.0,3.4,94.05,6.45,93.62,25.32,86.85,54.29,1
27.445,12.81,25.0,14.0,9.4,95.28,97.25,86.67,24.89,63.94,43.34,0
10.872,33.827,5.0,14.0,10.6,23.93,54.4,98.26,59.04,44.75,27.66,1
17.418,92.808,3.0,24.0,4.8,62.41,55.98,52.78,7.01,66.22,97.47,1
18.968,22.462,28.0,20.0,10.4,47.41,52.01,78.79,2.63,70.67,25.88,1
0.393,37.217,33.0,23.0,3.2,87.57,61.07,84.04,26.1,89.3,30.93,0
19.906,43.208,16.0,4.0,6.4,27.14,26.43,64.8,53.81,95.59,16.16,1
5.341,43.94,15.0,5.0,10.3,0.37,28.72,33.87,90.76,51.43,82.3,1
28.832,61.294,1.0,22.0,3.9,16.26,51.13,47.0,84.64,79.85,58.66,1
4.46,94.308,33.0,3.0,11.4,34.95,80.67,85.79,49.04,96.45,61.3,1
12.439,24.069,7.0,26.0,1.5,31.57,4.99,29.85,3.71,15.12,82.06,0
2.56,12.15,12.0,17.0,0.2,79.14,60.34,92.37,53.53,1.83,34.29,0
29.906,19.747,7.0,20.0,10.8,68.06,80.68,22.98,70.48,86.9,19.36,1
15.066,88.692,29.0,27.0,0.8,29.96,15.69,74.95,33.92,19.53,19.84,1
17.862,64.581,31.0,21.0,11.9,45.77,1.5,63.06,11.11,4.25,73.26,1
2.012,28.591,29.0,22.0,11.4,9.56,31.27,74.96,27.86,16.01,61.41,0
22.499,81.595,0.0,2.0,1.6,89.81,58.81,43.73,77.16,38.41,20.63,1
6.297,86.137,16.0,9.0,6.5,93.54,13.83,93.26,35.12,21.93,14.51,1
26.942,84.651,19.0,24.0,2.2,97.98,42.61,63.25,81.2,30.53,12.07,1
6.154,91.893,23.0,7.0,5.1,86.86,55.23,28.83,31.95,97.53,62.78,1
5.721,25.224,21.0,10.0,0.7,17.4,59.89,63.85,16.36,70.44,0.01,0
1.096,75.504,28.0,4.0,2.7,4.62,27.44,28.68,43.58,71.22,1.83,1
14.162,46.054,21.0,28.0,4.4,57.96,40.0,29.36,45.23,9.47,38.96,1
16.945,84.2,8.0,4.0,5.3,91.26,77.83,39.96,1.61,73.21,69.13,1
1.971,72.849,9.0,8.0,11.7,17.74,94.12,85.24,11.7,73.93,69.5,1
23.266,77.645,27.0,1.0,9.7,0.7,86.19,50.03,18.49,65.97,43.01,1
13.599,65.616,27.0,0.0,8.8,80.55,56.43,67.89,11.36,22.84,69.11,1
15.732,17.743,20.0,29.0,6.4,7.68,41.03,39.2,34.15,42.3,52.11,0
13.223,54.503,23.0,10.0,10.1,41.37,33.3,26.36,96.46,84.63,97.69,1
12.023,98.467,1.0,27.0,4.1,67.89,12.5,95.46,50.92,67.02,16.25,1
16.789,93.739,7.0,11.0,8.5,23.68,10.66,60.36,62.76,73.28,60.07,1
4.657,4.317,26.0,25.0,11.9,8.4,68.84,93.4,35.64,58.74,49.12,0
5.458,16.481,21.0,12.0,3.8,77.0,25.98,20.34,32.35,44.96,19.45,0
25.854,13.173,26.0,7.0,8.1,63.02,25.47,14.69,2.31,75.91,75.0,0
28.383,72.598,28.0,27.0,10.1,98.85,99.82,85.58,50.03,6.79,27.55,1
11.199,81.779,2.0,29.0,11.0,34.43,18.79,68.09,48.36,67.32,38.17,1
8.122,21.351,12.0,8.0,8.6,6.18,14.81,18.66,15.78,99.72,37.48,0
19.32,50.585,9.0,30.0,3.4,73.44,9.87,26.94,76.43,78.02,24.42,1
12.262,84.07,8.0,20.0,3.9,52.17,57.98,80.07,49.27,29.06,43.07,1
0.762,73.28,26.0,33.0,0.2,21.32,62.79,45.39,33.9,27.78,47.33,1
4.685,54.224,33.0,30.0,9.1,78.17,36.52,67.05,14.69,66.72,74.42,1
21.479,59.035,0.0,24.0,0.5,20.38,53.54,31.84,55.22,89.59,76.51,1
19.768,50.836,31.0,11.0,10.4,26.07,78.84,38.12,75.28,57.79,15.86,1
0.813,29.755,24.0,0.0,1.4,9.25,81.81,99.07,28.2,52.74,59.28,0
6.659,56.502,28.0,21.0,2.1,39.94,95.79,24.76,21.88,16.04,89.62,1
6.932,68.889,6.0,0.0,5.7,41.89,82.43,50.65,52.19,71.55,10.88,1
20.157,87.332,2.0,0.0,8.9,51.46,56.48,84.44,15.53,70.23,47.29,1
0.591,63.629,19.0,20.0,1.7,70.9,17.97,23.92,66.66,96.7,75.04,1
3.123,76.112,19.0,14.0,5.3,90.61,9.98,41.52,60.53,30.02,61.15,1
23.997,16.007,29.0,16.0,5.8,13.77,5.45,61.51,8.71,75.64,10.06,0
5.356,46.156,26.0,21.0,2.5,5.43,66.65,48.12,3.65,43.41,39.66,1
19.582,0.933,25.0,15.0,1.4,1.85,80.75,45.95,62.03,55.85,50.72,0
7.145,24.668,13.0,7.0,10.0,14.36,50.87,36.25,29.43,81.65,99.58,0
2.983,72.646,16.0,16.0,6.0,65.79,5.47,58.66,8.64,22.2,17.86,1
7.295,99.181,17.0,16.0,0.2,72.75,53.55,62.44,75.94,34.29,98.24,1
21.668,9.918,28.0,25.0,9.6,78.65,93.57,65.33,31.4,77.33,37.61,0
25.671,40.149,19.0,12.0,11.8,24.37,59.76,7.04,45.96,57.05,20.03,1
24.907,80.007,26.0,16.0,7.3,30.59,80.94,63.1,23.68,9.24,41.41,1
11.916,20.404,17.0,16.0,6.0,48.31,80.02,95.32,62.73,43.02,61.4,0
20.043,55.508,3.0,13.0,10.5,6.32,93.21,54.1,30.15,58.66,21.35,1
6.15,73.307,0.0,5.0,11.4,61.11,77.02,71.53,96.8,90.95,29.14,1
8.794,61.599,0.0,13.0,9.1,98.37,74.77,55.67,70.29,18.85,85.45,1
26.89,18.802,25.0,7.0,5.3,36.08,23.41,85.47,13.67,80.6,99.9,1
0.39,35.538,19.0,14.0,7.1,75.28,5.99,92.96,41.67,13.06,31.82,1
2.565,78.379,22.0,26.0,8.4,50.0,51.76,18.42,38.54,24.22,14.89,1
6.237,55.423,9.0,12.0,2.3,12.78,12.44,43.69,53.42,24.33,79.32,1
0.796,0.523,10.0,30.0,5.4,58.22,96.22,39.24,84.19,87.75,60.05,0
5.443,76.099,4.0,5.0,10.0,29.99,28.99,40.52,58.34,19.9,10.04,1
17.491,3.531,0.0,4.0,7.9,3.44,85.29,12.55,6.16,78.7,94.68,0
12.643,74.573,16.0,21.0,4.9,63.49,38.76,81.36,65.54,46.18,7.8,1
26.78,20.248,21.0,22.0,8.0,85.89,32.32,3.58,0.83,99.91,62.54,1
24.523,95.807,33.0,24.0,1.4,34.48,93.52,52.82,78.0,83.91,42.39,1
10.255,36.794,28.0,33.0,4.8,39.03,36.33,66.19,66.66,73.97,55.66,1
7.783,32.693,3.0,25.0,9.5,89.1,39.03,20.75,30.88,87.07,21.32,1
11.391,14.889,4.0,4.0,2.6,81.36,10.61,90.59,29.24,63.4,68.81,0
17.709,30.56,10.0,25.0,2.2,71.5,67.04,83.85,79.83,84.37,95.97,0
8.042,87.665,20.0,19.0,11.4,24.88,28.88,47.11,78.33,26.11,45.84,1
18.724,99.633,11.0,5.0,2.5,91.02,58.56,41.11,35.23,9.77,52.3,1
12.282,36.831,25.0,5.0,3.1,15.44,59.14,23.66,29.89,61.59,23.98,1
16.561,44.861,18.0,17.0,11.6,62.68,71.92,73.0,55.98,43.47,89.19,1
13.084,72.207,6.0,3.0,8.8,2.88,74.52,13.17,0.84,42.64,97.12,1
8.834,88.62,6.0,16.0,8.4,64.37,51.45,68.02,8.27,52.67,78.63,1
28.454,59.304,25.0,13.0,10.2,27.71,33.1,84.25,12.62,36.14,54.28,1
22.908,39.153,4.0,13.0,1.4,44.97,83.75,22.85,18.54,62.61,95.68,1
4.203,41.262,20.0,12.0,8.5,34.53,30.99,86.64,51.2,3.06,15.39,1
26.054,69.562,13.0,6.0,6.0,17.28,50.75,3.33,99.22,96.99,47.85,1
14.623,0.322,3.0,14.0,9.9,62.2,40.13,91.28,65.26,92.47,53.76,0
26.837,61.959,22.0,18.0,6.1,88.2,85.51,11.84,6.13,93.53,49.19,1
23.996,35.549,19.0,16.0,7.4,95.91,43.19,64.58,52.56,36.5,80.24,1
12.756,79.42,14.0,18.0,5.7,19.23,38.61,25.01,49.66,53.19,67.04,1
0.674,9.299,28.0,19.0,5.7,71.74,68.98,83.66,14.42,95.41,12.67,0
8.06,58.82,7.0,31.0,9.2,66.43,60.24,51.23,92.03,90.23,34.65,1
16.249,48.097,18.0,23.0,7.5,34.34,10.72,13.52,44.08,79.02,33.91,1
19.004,64.233,27.0,16.0,7.6,1.91,50.82,57.1,99.46,40.73,56.56,1
7.737,6.485,26.0,6.0,5.4,68.98,73.55,40.79,42.01,56.43,29.15,0
4.181,57.998,3.0,0.0,6.4,94.55,99.21,66.14,60.8,79.29,11.73,1
25.048,56.148,14.0,31.0,8.9,63.21,62.91,88.19,10.48,27.3,65.37,1
29.532,56.066,0.0,12.0,9.9,43.53,37.03,40.94,45.42,62.64,85.1,1
15.771,60.349,2.0,5.0,8.4,52.52,22.62,28.99,23.88,82.79,93.16,1
5.15,67.647,23.0,13.0,11.1,19.96,87.28,1.45,83.56,70.75,97.26,1
8.169,80.499,26.0,14.0,9.8,75.05,81.46,57.48,78.39,47.95,78.11,1
0.552,26.982,33.0,3.0,6.7,74.64,23.39,40.23,82.42,58.46,13.97,0
27.429,82.505,28.0,15.0,8.1,14.55,20.06,37.46,72.36,98.87,85.31,1
3.533,49.826,23.0,27.0,11.1,87.8,71.51,18.29,83.27,60.2,40.0,1
17.295,7.706,23.0,15.0,7.4,26.92,31.5,43.01,20.08,78.56,72.99,0
8.222,5.855,3.0,3.0,9.9,98.23,30.64,98.44,45.2,72.66,53.13,0
16.625,33.424,2.0,25.0,8.3,38.29,15.23,29.78,69.18,70.15,82.86,1
19.543,78.49,33.0,27.0,6.6,17.79,26.4,59.97,63.74,71.64,42.55,1
24.892,70.768,22.0,31.0,2.9,35.17,42.75,77.65,71.64,45.44,6.18,1
6.193,78.861,22.0,1.0,5.1,44.02,73.28,74.92,22.43,47.42,55.68,1
0.33,51.727,4.0,30.0,11.6,6.93,33.63,32.88,9.84,46.79,17.13,1
4.107,44.02,30.0,2.0,7.9,57.82,32.86,61.09,91.68,3.33,96.55,1
27.001,14.745,5.0,7.0,6.8,59.76,28.49,87.13,56.02,24.11,52.7,0
26.217,32.819,9.0,23.0,11.2,73.89,47.83,1.54,15.38,15.46,55.36,1
17.922,43.402,6.0,14.0,7.0,2.92,18.06,43.57,79.34,88.64,90.73,1
18.016,8.86,20.0,30.0,6.3,54.12,48.56,22.43,91.49,27.5,62.46,0
19.951,22.061,19.0,8.0,9.1,5.29,70.42,38.86,16.96,13.84,30.27,1
5.261,59.823,2.0,1.0,8.6,70.11,2.98,41.6,81.74,11.98,29.61,1
27.432,73.566,21.0,7.0,2.3,5.57,0.98,74.67,93.32,70.0,50.16,1
12.563,99.835,3.0,6.0,5.7,91.17,7.51,9.38,93.84,0.61,86.66,1
11.494,93.311,27.0,15.0,5.7,70.21,53.57,51.26,91.42,47.13,79.47,1
15.568,64.257,11.0,29.0,4.5,50.74,85.45,56.42,54.64,11.89,96.27,1
1.409,42.125,4.0,9.0,6.2,44.15,0.49,49.42,35.62,84.97,7.19,1
4.989,63.618,12.0,17.0,5.0,13.07,93.67,73.19,0.73,95.85,26.83,1
22.141,78.565,22.0,4.0,2.4,29.1,10.63,38.38,6.09,95.88,8.02,1
2.484,11.834,29.0,28.0,4.9,86.9,84.2,94.5,42.88,44.2,75.11,0
18.095,40.99,24.0,33.0,0.9,90.45,48.29,48.18,39.93,64.45,14.08,1
7.36,83.98,26.0,22.0,6.9,0.07,65.94,57.12,18.47,59.97,9.99,1
11.679,38.383,13.0,4.0,10.2,59.41,51.07,82.55,39.55,35.0,56.17,1
8.661,57.187,15.0,29.0,8.7,71.93,47.7,27.52,17.47,44.41,41.15,1
10.67,58.777,21.0,5.0,4.3,61.87,83.49,7.52,84.88,6.43,71.51,1
21.571,18.448,20.0,3.0,1.0,8.17,75.59,70.78,29.82,79.57,48.7,0
8.914,36.224,20.0,28.0,2.4,21.77,48.34,48.3,59.86,24.08,42.53,1
16.992,33.451,7.0,22.0,6.5,25.03,11.16,89.65,50.28,46.05,42.55,1
14.282,2.62,15.0,5.0,2.5,83.17,11.54,98.27,5.19,48.06,87.19,0
19.91,2.419,30.0,31.0,6.5,46.32,80.15,39.91,94.22,56.07,39.52,0
28.105,83.17,9.0,17.0,2.8,48.68,52.94,41.54,52.72,81.79,33.34,1
21.977,27.307,31.0,14.0,10.2,93.49,48.16,40.8,32.51,69.19,33.85,1
6.448,51.808,33.0,31.0,4.8,63.71,68.06,32.46,15.81,66.31,19.66,1
0.935,29.873,8.0,8.0,2.9,89.87,85.88,78.17,33.85,52.67,86.07,0
7.868,94.068,16.0,9.0,9.7,45.65,62.89,75.9,2.05,9.6,14.66,1
17.852,25.93,10.0,19.0,4.1,14.94,76.28,47.86,36.36,40.2,90.86,1
1.543,42.966,31.0,5.0,1.3,92.99,76.53,4.47,53.15,95.73,28.35,0
14.891,87.273,9.0,2.0,6.8,45.87,35.63,30.96,87.19,99.55,89.94,1
17.905,84.193,21.0,10.0,7.0,18.16,27.41,29.23,68.74,73.05,79.08,1
10.027,18.61,16.0,16.0,8.6,30.24,80.12,81.11,11.16,22.75,58.2,0
23.127,80.264,3.0,31.0,2.9,5.08,37.72,8.76,14.77,10.19,66.95,1
3.198,45.819,24.0,3.0,5.3,46.83,90.33,80.57,42.81,41.48,32.58,1
2.254,48.297,20.0,3.0,3.4,85.31,6.97,66.92,19.57,85.66,57.42,1
21.846,13.348,0.0,16.0,1.0,93.36,5.82,73.24,2.78,72.19,29.24,0
14.865,8.06,24.0,18.0,10.5,93.26,92.7,43.22,80.5,88.39,40.23,0
20.652,72.794,16.0,4.0,8.7,12.52,64.85,67.97,1.95,61.58,76.47,1
13.045,49.646,23.0,31.0,3.6,38.21,37.96,60.9,83.07,13.03,24.39,1
7.392,43.685,1.0,21.0,7.2,2.82,75.51,76.9,14.41,11.48,83.88,1
24.573,72.951,14.0,5.0,2.4,85.52,67.23,44.68,97.47,4.8,37.59,1
23.982,76.551,31.0,21.0,10.7,35.88,53.12,47.28,60.39,56.71,53.22,1
20.841,15.891,5.0,0.0,1.4,63.11,9.89,64.36,73.5,24.29,94.2,0
8.164,61.023,0.0,19.0,0.0,71.49,81.22,10.81,11.05,73.44,68.13,1
17.707,13.535,22.0,21.0,6.0,42.98,86.6,43.62,86.21,68.62,64.56,0
10.829,75.138,16.0,10.0,7.0,30.64,17.22,97.2,83.92,31.81,71.16,1
2.747,65.696,33.0,12.0,6.9,96.22,85.05,3.76,65.3,17.68,91.81,1
27.519,95.661,28.0,2.0,0.7,96.45,87.78,31.6,50.23,10.24,24.85,1
4.105,6.896,8.0,8.0,3.8,28.94,54.94,31.41,72.15,73.73,61.32,0
28.507,5.705,12.0,11.0,6.0,47.96,65.62,63.35,0.59,45.04,40.04,0
13.38,28.219,5.0,22.0,2.6,97.28,38.22,10.58,59.24,32.35,1.19,0
1.891,75.000,3,1,0,100.00,0.00,0.00,100.00,0.00,0.00,0
2.033,75.000,3,1,0,100.00,0.00,0.00,100.00,0.00,0.00,0
2.065,75.000,3,1,0,100.00,0.00,0.00,100.00,0.00,0.00,0
1.842,75.000,3,1,0,100.00,0.00,0.00,100.00,0.00,0.00,0
2.102,75.000,3,1,0,100.00,0.00,0.00,100.00,0.00,0.00,0
4.474,20.000,1,4,0,50.00,0.00,0.00,0.00,0.00,0.00,0
4.046,60.000,3,2,0,100.00,0.00,0.00,0.00,0.00,0.00,0
1.781,60.000,3,2,0,100.00,0.00,0.00,0.00,0.00,0.00,0
22.320,100.000,10,0,0,100.00,100.00,0.00,100.00,0.00,100.00,0
23.412,100.000,11,0,0,100.00,100.00,0.00,100.00,0.00,100.00,1
